{
  "textures": {
    "particle": "item/coin",
    "texture": "item/coin"
  },
  "elements": [
    {
      "from": [
        4.625,
        -0.75,
        6.875
      ],
      "to": [
        11.375,
        21.75,
        9.125
      ],
      "faces": {
        "down": {
          "uv": [
            6.501,
            10.501,
            9.499,
            10.999
          ],
          "texture": "#texture"
        },
        "up": {
          "uv": [
            6.500999927520752,
            1.0010000467300415,
            9.4989995956420898,
            1.499000072479248
          ],
          "texture": "#texture"
        },
        "north": {
          "uv": [
            9.4989995956420898,
            1.0010000467300415,
            6.500999927520752,
            10.99899959564209
          ],
          "texture": "#texture"
        },
        "south": {
          "uv": [
            6.500999927520752,
            1.0010000467300415,
            9.4989995956420898,
            10.99899959564209
          ],
          "texture": "#texture"
        },
        "west": {
          "uv": [
            6.500999927520752,
            1.0010000467300415,
            6.999000072479248,
            10.99899959564209
          ],
          "texture": "#texture"
        },
        "east": {
          "uv": [
            9.0010004043579102,
            1.0010000467300415,
            9.4989995956420898,
            10.99899959564209
          ],
          "texture": "#texture"
        }
      }
    },
    {
      "from": [
        2.375,
        0.375,
        6.875
      ],
      "to": [
        13.625,
        20.625,
        9.125
      ],
      "faces": {
        "down": {
          "uv": [
            5.501,
            10.001,
            10.499,
            10.499
          ],
          "texture": "#texture"
        },
        "up": {
          "uv": [
            5.500999927520752,
            1.500999927520752,
            10.49899959564209,
            1.999000072479248
          ],
          "texture": "#texture"
        },
        "north": {
          "uv": [
            10.49899959564209,
            1.500999927520752,
            5.500999927520752,
            10.49899959564209
          ],
          "texture": "#texture"
        },
        "south": {
          "uv": [
            5.500999927520752,
            1.500999927520752,
            10.49899959564209,
            10.49899959564209
          ],
          "texture": "#texture"
        },
        "west": {
          "uv": [
            5.500999927520752,
            1.500999927520752,
            5.999000072479248,
            10.49899959564209
          ],
          "texture": "#texture"
        },
        "east": {
          "uv": [
            10.00100040435791,
            1.500999927520752,
            10.49899959564209,
            10.49899959564209
          ],
          "texture": "#texture"
        }
      }
    },
    {
      "from": [
        0.125,
        1.5,
        6.875
      ],
      "to": [
        15.875,
        19.5,
        9.125
      ],
      "faces": {
        "down": {
          "uv": [
            4.501,
            9.501,
            11.499,
            9.999
          ],
          "texture": "#texture"
        },
        "up": {
          "uv": [
            4.500999927520752,
            2.000999927520752,
            11.49899959564209,
            2.499000072479248
          ],
          "texture": "#texture"
        },
        "north": {
          "uv": [
            11.49899959564209,
            2.000999927520752,
            4.500999927520752,
            9.9989995956420898
          ],
          "texture": "#texture"
        },
        "south": {
          "uv": [
            4.500999927520752,
            2.000999927520752,
            11.49899959564209,
            9.9989995956420898
          ],
          "texture": "#texture"
        },
        "west": {
          "uv": [
            4.500999927520752,
            2.000999927520752,
            4.999000072479248,
            9.9989995956420898
          ],
          "texture": "#texture"
        },
        "east": {
          "uv": [
            11.00100040435791,
            2.000999927520752,
            11.49899959564209,
            9.9989995956420898
          ],
          "texture": "#texture"
        }
      }
    },
    {
      "from": [
        -1,
        2.625,
        6.875
      ],
      "to": [
        17,
        18.375,
        9.125
      ],
      "faces": {
        "down": {
          "uv": [
            4.001,
            9.001,
            11.999,
            9.499
          ],
          "texture": "#texture"
        },
        "up": {
          "uv": [
            4.000999927520752,
            2.500999927520752,
            11.99899959564209,
            2.999000072479248
          ],
          "texture": "#texture"
        },
        "north": {
          "uv": [
            11.99899959564209,
            2.500999927520752,
            4.000999927520752,
            9.4989995956420898
          ],
          "texture": "#texture"
        },
        "south": {
          "uv": [
            4.000999927520752,
            2.500999927520752,
            11.99899959564209,
            9.4989995956420898
          ],
          "texture": "#texture"
        },
        "west": {
          "uv": [
            4.000999927520752,
            2.500999927520752,
            4.499000072479248,
            9.4989995956420898
          ],
          "texture": "#texture"
        },
        "east": {
          "uv": [
            11.50100040435791,
            2.500999927520752,
            11.99899959564209,
            9.4989995956420898
          ],
          "texture": "#texture"
        }
      }
    },
    {
      "from": [
        -2.125,
        4.875,
        6.875
      ],
      "to": [
        18.125,
        16.125,
        9.125
      ],
      "faces": {
        "down": {
          "uv": [
            3.501,
            8.001,
            12.499,
            8.499
          ],
          "texture": "#texture"
        },
        "up": {
          "uv": [
            3.500999927520752,
            3.500999927520752,
            12.49899959564209,
            3.999000072479248
          ],
          "texture": "#texture"
        },
        "north": {
          "uv": [
            12.49899959564209,
            3.500999927520752,
            3.500999927520752,
            8.4989995956420898
          ],
          "texture": "#texture"
        },
        "south": {
          "uv": [
            3.500999927520752,
            3.500999927520752,
            12.49899959564209,
            8.4989995956420898
          ],
          "texture": "#texture"
        },
        "west": {
          "uv": [
            3.500999927520752,
            3.500999927520752,
            3.999000072479248,
            8.4989995956420898
          ],
          "texture": "#texture"
        },
        "east": {
          "uv": [
            12.00100040435791,
            3.500999927520752,
            12.49899959564209,
            8.4989995956420898
          ],
          "texture": "#texture"
        }
      }
    },
    {
      "from": [
        -3.25,
        7.125,
        6.875
      ],
      "to": [
        19.25,
        13.875,
        9.125
      ],
      "faces": {
        "down": {
          "uv": [
            3.001,
            7.001,
            12.999,
            7.499
          ],
          "texture": "#texture"
        },
        "up": {
          "uv": [
            3.000999927520752,
            4.500999927520752,
            12.99899959564209,
            4.999000072479248
          ],
          "texture": "#texture"
        },
        "north": {
          "uv": [
            12.99899959564209,
            4.500999927520752,
            3.000999927520752,
            7.499000072479248
          ],
          "texture": "#texture"
        },
        "south": {
          "uv": [
            3.000999927520752,
            4.500999927520752,
            12.99899959564209,
            7.499000072479248
          ],
          "texture": "#texture"
        },
        "west": {
          "uv": [
            3.000999927520752,
            4.500999927520752,
            3.499000072479248,
            7.499000072479248
          ],
          "texture": "#texture"
        },
        "east": {
          "uv": [
            12.50100040435791,
            4.500999927520752,
            12.99899959564209,
            7.499000072479248
          ],
          "texture": "#texture"
        }
      }
    },
    {
      "from": [
        1.25,
        -5.25,
        6.875
      ],
      "to": [
        8,
        0.375,
        8.375
      ],
      "faces": {
        "down": {
          "uv": [
            5.001,
            12.501,
            7.999,
            12.999
          ],
          "texture": "#texture"
        },
        "up": {
          "uv": [
            5.000999927520752,
            10.50100040435791,
            7.999000072479248,
            10.99899959564209
          ],
          "texture": "#texture"
        },
        "north": {
          "uv": [
            7.999000072479248,
            10.50100040435791,
            5.000999927520752,
            12.99899959564209
          ],
          "texture": "#texture"
        },
        "south": {
          "uv": [
            5.000999927520752,
            10.50100040435791,
            7.999000072479248,
            12.99899959564209
          ],
          "texture": "#texture"
        },
        "west": {
          "uv": [
            5.000999927520752,
            10.50100040435791,
            5.499000072479248,
            12.99899959564209
          ],
          "texture": "#texture"
        },
        "east": {
          "uv": [
            7.500999927520752,
            10.50100040435791,
            7.999000072479248,
            12.99899959564209
          ],
          "texture": "#texture"
        }
      }
    },
    {
      "from": [
        0.125,
        -10.875,
        6.875
      ],
      "to": [
        6.875,
        -4.125,
        8.375
      ],
      "faces": {
        "down": {
          "uv": [
            4.501,
            15.001,
            7.499,
            15.499
          ],
          "texture": "#texture"
        },
        "up": {
          "uv": [
            4.500999927520752,
            12.50100040435791,
            7.499000072479248,
            12.99899959564209
          ],
          "texture": "#texture"
        },
        "north": {
          "uv": [
            7.499000072479248,
            12.50100040435791,
            4.500999927520752,
            15.49899959564209
          ],
          "texture": "#texture"
        },
        "south": {
          "uv": [
            4.500999927520752,
            12.50100040435791,
            7.499000072479248,
            15.49899959564209
          ],
          "texture": "#texture"
        },
        "west": {
          "uv": [
            4.500999927520752,
            12.50100040435791,
            4.999000072479248,
            15.49899959564209
          ],
          "texture": "#texture"
        },
        "east": {
          "uv": [
            7.000999927520752,
            12.50100040435791,
            7.499000072479248,
            15.49899959564209
          ],
          "texture": "#texture"
        }
      }
    },
    {
      "from": [
        6.875,
        -10.875,
        6.875
      ],
      "to": [
        8,
        -8.625,
        8.375
      ],
      "faces": {
        "down": {
          "uv": [
            7.501,
            14.999,
            7.999,
            14.501
          ],
          "texture": "#texture"
        },
        "up": {
          "uv": [
            7.500999927520752,
            14.50100040435791,
            7.999000072479248,
            14.99899959564209
          ],
          "texture": "#texture"
        },
        "north": {
          "uv": [
            7.500999927520752,
            14.50100040435791,
            7.999000072479248,
            14.99899959564209
          ],
          "texture": "#texture"
        },
        "south": {
          "uv": [
            7.500999927520752,
            14.99899959564209,
            7.999000072479248,
            14.50100040435791
          ],
          "texture": "#texture"
        },
        "east": {
          "uv": [
            7.999000072479248,
            14.50100040435791,
            7.500999927520752,
            14.99899959564209
          ],
          "texture": "#texture"
        }
      }
    },
    {
      "from": [
        -1,
        -12,
        6.875
      ],
      "to": [
        3.5,
        -7.5,
        8.375
      ],
      "faces": {
        "down": {
          "uv": [
            4.001,
            15.501,
            5.999,
            15.999
          ],
          "texture": "#texture"
        },
        "up": {
          "uv": [
            4.000999927520752,
            14.00100040435791,
            5.999000072479248,
            14.49899959564209
          ],
          "texture": "#texture"
        },
        "north": {
          "uv": [
            5.999000072479248,
            14.00100040435791,
            4.000999927520752,
            15.99899959564209
          ],
          "texture": "#texture"
        },
        "south": {
          "uv": [
            4.000999927520752,
            14.00100040435791,
            5.999000072479248,
            15.99899959564209
          ],
          "texture": "#texture"
        },
        "west": {
          "uv": [
            4.000999927520752,
            14.00100040435791,
            4.499000072479248,
            15.99899959564209
          ],
          "texture": "#texture"
        },
        "east": {
          "uv": [
            5.500999927520752,
            14.00100040435791,
            5.999000072479248,
            15.99899959564209
          ],
          "texture": "#texture"
        }
      }
    },
    {
      "from": [
        -2.125,
        -12,
        6.875
      ],
      "to": [
        -1,
        -9.75,
        8.375
      ],
      "faces": {
        "down": {
          "uv": [
            7.501,
            14.999,
            7.999,
            14.501
          ],
          "texture": "#texture"
        },
        "up": {
          "uv": [
            7.500999927520752,
            14.50100040435791,
            7.999000072479248,
            14.99899959564209
          ],
          "texture": "#texture"
        },
        "north": {
          "uv": [
            7.500999927520752,
            14.50100040435791,
            7.999000072479248,
            14.99899959564209
          ],
          "texture": "#texture"
        },
        "south": {
          "uv": [
            7.500999927520752,
            14.99899959564209,
            7.999000072479248,
            14.50100040435791
          ],
          "texture": "#texture"
        },
        "west": {
          "uv": [
            7.500999927520752,
            14.50100040435791,
            7.999000072479248,
            14.99899959564209
          ],
          "texture": "#texture"
        }
      }
    },
    {
      "from": [
        9.125,
        -4.125,
        6.875
      ],
      "to": [
        18.125,
        0.375,
        8.375
      ],
      "faces": {
        "down": {
          "uv": [
            8.501,
            12.001,
            12.499,
            12.499
          ],
          "texture": "#texture"
        },
        "up": {
          "uv": [
            8.5010004043579102,
            10.50100040435791,
            12.49899959564209,
            10.99899959564209
          ],
          "texture": "#texture"
        },
        "north": {
          "uv": [
            12.49899959564209,
            10.50100040435791,
            8.5010004043579102,
            12.49899959564209
          ],
          "texture": "#texture"
        },
        "south": {
          "uv": [
            8.5010004043579102,
            10.50100040435791,
            12.49899959564209,
            12.49899959564209
          ],
          "texture": "#texture"
        },
        "west": {
          "uv": [
            8.5010004043579102,
            10.50100040435791,
            8.9989995956420898,
            12.49899959564209
          ],
          "texture": "#texture"
        },
        "east": {
          "uv": [
            12.00100040435791,
            10.50100040435791,
            12.49899959564209,
            12.49899959564209
          ],
          "texture": "#texture"
        }
      }
    },
    {
      "from": [
        10.25,
        -5.25,
        6.875
      ],
      "to": [
        18.125,
        -4.125,
        8.375
      ],
      "faces": {
        "down": {
          "uv": [
            9.001,
            12.501,
            12.499,
            12.999
          ],
          "texture": "#texture"
        },
        "north": {
          "uv": [
            12.49899959564209,
            12.50100040435791,
            9.0010004043579102,
            12.99899959564209
          ],
          "texture": "#texture"
        },
        "south": {
          "uv": [
            9.0010004043579102,
            12.50100040435791,
            12.49899959564209,
            12.99899959564209
          ],
          "texture": "#texture"
        },
        "west": {
          "uv": [
            9.0010004043579102,
            12.50100040435791,
            9.4989995956420898,
            12.99899959564209
          ],
          "texture": "#up"
        },
        "east": {
          "uv": [
            12.00100040435791,
            12.50100040435791,
            12.49899959564209,
            12.99899959564209
          ],
          "texture": "#texture"
        }
      }
    },
    {
      "from": [
        18.125,
        -3,
        6.875
      ],
      "to": [
        19.25,
        0.375,
        8.375
      ],
      "faces": {
        "down": {
          "uv": [
            12.501,
            11.501,
            12.999,
            11.999
          ],
          "texture": "#texture"
        },
        "up": {
          "uv": [
            12.50100040435791,
            10.50100040435791,
            12.99899959564209,
            10.99899959564209
          ],
          "texture": "#texture"
        },
        "north": {
          "uv": [
            12.50100040435791,
            10.50100040435791,
            12.99899959564209,
            11.99899959564209
          ],
          "texture": "#texture"
        },
        "south": {
          "uv": [
            12.50100040435791,
            10.50100040435791,
            12.99899959564209,
            11.99899959564209
          ],
          "texture": "#texture"
        },
        "east": {
          "uv": [
            12.50100040435791,
            10.50100040435791,
            12.99899959564209,
            11.99899959564209
          ],
          "texture": "#texture"
        }
      }
    },
    {
      "from": [
        19.25,
        -3,
        6.875
      ],
      "to": [
        20.375,
        -0.75,
        8.375
      ],
      "faces": {
        "down": {
          "uv": [
            13.001,
            11.501,
            13.499,
            11.999
          ],
          "texture": "#texture"
        },
        "up": {
          "uv": [
            13.00100040435791,
            11.00100040435791,
            13.49899959564209,
            11.49899959564209
          ],
          "texture": "#texture"
        },
        "north": {
          "uv": [
            13.00100040435791,
            11.00100040435791,
            13.49899959564209,
            11.99899959564209
          ],
          "texture": "#texture"
        },
        "south": {
          "uv": [
            13.00100040435791,
            11.00100040435791,
            13.49899959564209,
            11.99899959564209
          ],
          "texture": "#texture"
        },
        "east": {
          "uv": [
            13.00100040435791,
            11.00100040435791,
            13.49899959564209,
            11.99899959564209
          ],
          "texture": "#texture"
        }
      }
    },
    {
      "from": [
        20.375,
        -1.875,
        6.875
      ],
      "to": [
        21.5,
        -0.75,
        8.375
      ],
      "faces": {
        "down": {
          "uv": [
            13.501,
            11.499,
            13.999,
            11.001
          ],
          "texture": "#texture"
        },
        "up": {
          "uv": [
            13.50100040435791,
            11.00100040435791,
            13.99899959564209,
            11.49899959564209
          ],
          "texture": "#texture"
        },
        "north": {
          "uv": [
            13.50100040435791,
            11.00100040435791,
            13.99899959564209,
            11.49899959564209
          ],
          "texture": "#texture"
        },
        "south": {
          "uv": [
            13.50100040435791,
            11.49899959564209,
            13.99899959564209,
            11.00100040435791
          ],
          "texture": "#texture"
        },
        "east": {
          "uv": [
            13.99899959564209,
            11.00100040435791,
            13.50100040435791,
            11.49899959564209
          ],
          "texture": "#texture"
        }
      }
    },
    {
      "from": [
        12.5,
        -7.5,
        6.875
      ],
      "to": [
        17,
        -5.25,
        8.375
      ],
      "faces": {
        "down": {
          "uv": [
            10.001,
            13.501,
            11.999,
            13.999
          ],
          "texture": "#texture"
        },
        "north": {
          "uv": [
            11.99899959564209,
            13.00100040435791,
            10.00100040435791,
            13.99899959564209
          ],
          "texture": "#texture"
        },
        "south": {
          "uv": [
            10.00100040435791,
            13.00100040435791,
            11.99899959564209,
            13.99899959564209
          ],
          "texture": "#texture"
        },
        "west": {
          "uv": [
            10.00100040435791,
            13.00100040435791,
            10.49899959564209,
            13.99899959564209
          ],
          "texture": "#up"
        },
        "east": {
          "uv": [
            11.50100040435791,
            13.00100040435791,
            11.99899959564209,
            13.99899959564209
          ],
          "texture": "#texture"
        }
      }
    },
    {
      "from": [
        14.75,
        -8.625,
        6.875
      ],
      "to": [
        17,
        -7.5,
        8.375
      ],
      "faces": {
        "down": {
          "uv": [
            7.501,
            14.999,
            7.999,
            14.501
          ],
          "texture": "#texture"
        },
        "north": {
          "uv": [
            7.500999927520752,
            14.50100040435791,
            7.999000072479248,
            14.99899959564209
          ],
          "texture": "#texture"
        },
        "south": {
          "uv": [
            7.500999927520752,
            14.99899959564209,
            7.999000072479248,
            14.50100040435791
          ],
          "texture": "#texture"
        },
        "west": {
          "uv": [
            7.500999927520752,
            14.50100040435791,
            7.999000072479248,
            14.99899959564209
          ],
          "texture": "#up"
        },
        "east": {
          "uv": [
            7.999000072479248,
            14.50100040435791,
            7.500999927520752,
            14.99899959564209
          ],
          "texture": "#texture"
        }
      }
    },
    {
      "from": [
        8,
        -1.875,
        6.875
      ],
      "to": [
        9.125,
        -0.75,
        8.375
      ],
      "faces": {
        "down": {
          "uv": [
            8.001,
            11.499,
            8.499,
            11.001
          ],
          "texture": "#texture"
        },
        "up": {
          "uv": [
            8.0010004043579102,
            11.00100040435791,
            8.4989995956420898,
            11.49899959564209
          ],
          "texture": "#texture"
        },
        "north": {
          "uv": [
            8.0010004043579102,
            11.00100040435791,
            8.4989995956420898,
            11.49899959564209
          ],
          "texture": "#texture"
        },
        "south": {
          "uv": [
            8.0010004043579102,
            11.49899959564209,
            8.4989995956420898,
            11.00100040435791
          ],
          "texture": "#texture"
        },
        "west": {
          "uv": [
            8.0010004043579102,
            11.00100040435791,
            8.4989995956420898,
            11.49899959564209
          ],
          "texture": "#texture"
        },
        "east": {
          "uv": [
            8.4989995956420898,
            11.00100040435791,
            8.0010004043579102,
            11.49899959564209
          ],
          "texture": "#texture"
        }
      }
    }
  ],
  "display": {
    "thirdperson_righthand": {
      "rotation": [
        72,
        95,
        -6
      ],
      "translation": [
        -0.38,
        2.83,
        -0.94
      ],
      "scale": [
        0.4,
        0.4,
        0.4
      ]
    },
    "head": {
      "rotation": [
        0,
        0,
        0
      ],
      "translation": [
        0,
        0,
        0
      ],
      "scale": [
        5,
        5,
        5
      ]
    },
    "firstperson_righthand": {
      "rotation": [
        9,
        -23,
        30
      ],
      "translation": [
        0,
        3.97,
        0
      ],
      "scale": [
        0.3,
        0.3,
        0.3
      ]
    },
    "gui": {
      "rotation": [
        0,
        0,
        0
      ],
      "translation": [
        0,
        0,
        0
      ],
      "scale": [
        0.33,
        0.33,
        0.33
      ]
    }
  }
}
