{
  "__comment": "designed_by_hypixel_minecraft_server_with_bdcraft_cubik_pro_0.90_beta_-_http://bdcraft.net",
  "textures": {
    "particle": "item/bucket",
    "texture": "item/bucket"
  },
  "elements": [
    {
      "from": [
        -5.5,
        11,
        6.5
      ],
      "to": [
        21.5,
        15.5,
        9.5
      ],
      "faces": {
        "down": {
          "uv": [
            3.5,
            6.5,
            12.5,
            7
          ],
          "rotation": 180,
          "texture": "#texture"
        },
        "up": {
          "uv": [
            3.5,
            5.5,
            12.5,
            6
          ],
          "rotation": 180,
          "texture": "#texture"
        },
        "north": {
          "uv": [
            3.5,
            5.5,
            12.5,
            7
          ],
          "texture": "#texture"
        },
        "south": {
          "uv": [
            12.5,
            5.5,
            3.5,
            7
          ],
          "texture": "#texture"
        },
        "west": {
          "uv": [
            12,
            5.5,
            12.5,
            7
          ],
          "texture": "#texture"
        },
        "east": {
          "uv": [
            3.5,
            5.5,
            4,
            7
          ],
          "texture": "#texture"
        }
      }
    },
    {
      "from": [
        -4,
        -2.5,
        6.5
      ],
      "to": [
        20,
        11,
        9.5
      ],
      "faces": {
        "down": {
          "uv": [
            4,
            11,
            12,
            11.5
          ],
          "rotation": 180,
          "texture": "#texture"
        },
        "north": {
          "uv": [
            4,
            7,
            12,
            11.5
          ],
          "texture": "#texture"
        },
        "south": {
          "uv": [
            12,
            7,
            4,
            11.5
          ],
          "texture": "#texture"
        },
        "west": {
          "uv": [
            11.5,
            7,
            12,
            11.5
          ],
          "texture": "#texture"
        },
        "east": {
          "uv": [
            4,
            7,
            4.5,
            11.5
          ],
          "texture": "#texture"
        }
      }
    },
    {
      "from": [
        -2.5,
        -16,
        6.5
      ],
      "to": [
        18.5,
        -2.5,
        9.5
      ],
      "faces": {
        "down": {
          "uv": [
            4.5,
            15.5,
            11.5,
            16
          ],
          "rotation": 180,
          "texture": "#texture"
        },
        "north": {
          "uv": [
            4.5,
            11.5,
            11.5,
            16
          ],
          "texture": "#texture"
        },
        "south": {
          "uv": [
            11.5,
            11.5,
            4.5,
            16
          ],
          "texture": "#texture"
        },
        "west": {
          "uv": [
            11,
            11.5,
            11.5,
            16
          ],
          "texture": "#texture"
        },
        "east": {
          "uv": [
            4.5,
            11.5,
            5,
            16
          ],
          "texture": "#texture"
        }
      }
    },
    {
      "from": [
        -5.5,
        0.5,
        6.5
      ],
      "to": [
        -4,
        5,
        9.5
      ],
      "faces": {
        "down": {
          "uv": [
            12,
            10,
            12.5,
            10.5
          ],
          "rotation": 180,
          "texture": "#texture"
        },
        "up": {
          "uv": [
            12,
            9,
            12.5,
            9.5
          ],
          "rotation": 180,
          "texture": "#texture"
        },
        "north": {
          "uv": [
            12,
            9,
            12.5,
            10.5
          ],
          "texture": "#texture"
        },
        "south": {
          "uv": [
            12,
            9,
            12.5,
            10.5
          ],
          "texture": "#texture"
        },
        "west": {
          "uv": [
            12,
            9,
            12.5,
            10.5
          ],
          "texture": "#texture"
        }
      }
    },
    {
      "from": [
        -8.5,
        0.5,
        6.5
      ],
      "to": [
        -5.5,
        3.5,
        9.5
      ],
      "faces": {
        "down": {
          "uv": [
            12.5,
            10,
            13.5,
            10.5
          ],
          "rotation": 180,
          "texture": "#texture"
        },
        "up": {
          "uv": [
            12.5,
            9.5,
            13.5,
            10
          ],
          "rotation": 180,
          "texture": "#texture"
        },
        "north": {
          "uv": [
            12.5,
            9.5,
            13.5,
            10.5
          ],
          "texture": "#texture"
        },
        "south": {
          "uv": [
            13.5,
            9.5,
            12.5,
            10.5
          ],
          "texture": "#texture"
        },
        "west": {
          "uv": [
            13,
            9.5,
            13.5,
            10.5
          ],
          "texture": "#texture"
        }
      }
    },
    {
      "from": [
        -10,
        -1,
        6.5
      ],
      "to": [
        -7,
        2,
        9.5
      ],
      "faces": {
        "down": {
          "uv": [
            13,
            10.5,
            14,
            11
          ],
          "rotation": 180,
          "texture": "#texture"
        },
        "up": {
          "uv": [
            13,
            10,
            14,
            10.5
          ],
          "rotation": 180,
          "texture": "#texture"
        },
        "north": {
          "uv": [
            13,
            10,
            14,
            11
          ],
          "texture": "#texture"
        },
        "south": {
          "uv": [
            14,
            10,
            13,
            11
          ],
          "texture": "#texture"
        },
        "west": {
          "uv": [
            13.5,
            10,
            14,
            11
          ],
          "texture": "#texture"
        },
        "east": {
          "uv": [
            13,
            10,
            13.5,
            11
          ],
          "texture": "#texture"
        }
      }
    },
    {
      "from": [
        15.5,
        15.5,
        6.5
      ],
      "to": [
        21.5,
        17,
        9.5
      ],
      "faces": {
        "down": {
          "uv": [
            3.5,
            5.5,
            4,
            5
          ],
          "texture": "#texture"
        },
        "up": {
          "uv": [
            3.5,
            5,
            4,
            5.5
          ],
          "texture": "#texture"
        },
        "north": {
          "uv": [
            3.5,
            5,
            4,
            5.5
          ],
          "texture": "#texture"
        },
        "south": {
          "uv": [
            3.5,
            5.5,
            4,
            5
          ],
          "texture": "#texture"
        },
        "west": {
          "uv": [
            3.5,
            5,
            4,
            5.5
          ],
          "texture": "#texture"
        },
        "east": {
          "uv": [
            4,
            5,
            3.5,
            5.5
          ],
          "texture": "#texture"
        }
      }
    },
    {
      "from": [
        21.5,
        11,
        6.5
      ],
      "to": [
        23,
        15.5,
        9.5
      ],
      "faces": {
        "down": {
          "uv": [
            3.5,
            5.5,
            4,
            5
          ],
          "texture": "#texture"
        },
        "up": {
          "uv": [
            3.5,
            5,
            4,
            5.5
          ],
          "texture": "#texture"
        },
        "north": {
          "uv": [
            3.5,
            5,
            4,
            5.5
          ],
          "texture": "#texture"
        },
        "south": {
          "uv": [
            3.5,
            5.5,
            4,
            5
          ],
          "texture": "#texture"
        },
        "west": {
          "uv": [
            3.5,
            5,
            4,
            5.5
          ],
          "texture": "#texture"
        },
        "east": {
          "uv": [
            4,
            5,
            3.5,
            5.5
          ],
          "texture": "#texture"
        }
      }
    },
    {
      "from": [
        21.5,
        9.5,
        6.5
      ],
      "to": [
        24.5,
        12.5,
        9.5
      ],
      "faces": {
        "down": {
          "uv": [
            3.5,
            5.5,
            4,
            5
          ],
          "texture": "#texture"
        },
        "up": {
          "uv": [
            3.5,
            5,
            4,
            5.5
          ],
          "texture": "#texture"
        },
        "north": {
          "uv": [
            3.5,
            5,
            4,
            5.5
          ],
          "texture": "#texture"
        },
        "south": {
          "uv": [
            3.5,
            5.5,
            4,
            5
          ],
          "texture": "#texture"
        },
        "west": {
          "uv": [
            3.5,
            5,
            4,
            5.5
          ],
          "texture": "#texture"
        },
        "east": {
          "uv": [
            4,
            5,
            3.5,
            5.5
          ],
          "texture": "#texture"
        }
      }
    }
  ],
  "display": {
    "thirdperson_righthand": {
      "rotation": [
        0,
        89,
        -9
      ],
      "translation": [
        -0.38,
        3.59,
        -0.94
      ],
      "scale": [
        0.4,
        0.4,
        0.4
      ]
    },
    "head": {
      "rotation": [
        0,
        0,
        0
      ],
      "translation": [
        0,
        0,
        0
      ],
      "scale": [
        5,
        5,
        5
      ]
    },
    "firstperson_righthand": {
      "rotation": [
        -10,
        115,
        -16
      ],
      "translation": [
        0,
        3.97,
        0
      ],
      "scale": [
        0.3,
        0.3,
        0.3
      ]
    },
    "gui": {
      "rotation": [
        0,
        0,
        0
      ],
      "translation": [
        0,
        2.08,
        0
      ],
      "scale": [
        0.33,
        0.33,
        0.33
      ]
    }
  }
}
