{
  "__comment": "designed_by_hypixel_minecraft_server_with_bdcraft_cubik_pro_0.90_beta_-_http://bdcraft.net",
  "textures": {
    "particle": "item/spray",
    "texture": "item/spray"
  },
  "elements": [
    {
      "from": [
        -1,
        -16,
        6.5
      ],
      "to": [
        17,
        15.5,
        9.5
      ],
      "faces": {
        "down": {
          "uv": [
            5,
            15.5,
            11,
            16
          ],
          "texture": "#texture"
        },
        "up": {
          "uv": [
            5,
            5.5,
            11,
            6
          ],
          "texture": "#texture"
        },
        "north": {
          "uv": [
            11,
            5.5,
            5,
            16
          ],
          "texture": "#texture"
        },
        "south": {
          "uv": [
            5,
            5.5,
            11,
            16
          ],
          "texture": "#texture"
        },
        "west": {
          "uv": [
            5,
            5.5,
            5.5,
            16
          ],
          "texture": "#texture"
        },
        "east": {
          "uv": [
            10.5,
            5.5,
            11,
            16
          ],
          "texture": "#texture"
        }
      }
    },
    {
      "from": [
        0.5,
        15.5,
        6.5
      ],
      "to": [
        15.5,
        17,
        9.5
      ],
      "faces": {
        "up": {
          "uv": [
            5.5,
            5,
            10.5,
            5.5
          ],
          "texture": "#texture"
        },
        "north": {
          "uv": [
            10.5,
            5,
            5.5,
            5.5
          ],
          "texture": "#texture"
        },
        "south": {
          "uv": [
            5.5,
            5,
            10.5,
            5.5
          ],
          "texture": "#texture"
        },
        "west": {
          "uv": [
            5.5,
            5,
            6,
            5.5
          ],
          "texture": "#texture"
        },
        "east": {
          "uv": [
            10,
            5,
            10.5,
            5.5
          ],
          "texture": "#texture"
        }
      }
    },
    {
      "from": [
        5,
        17,
        6.5
      ],
      "to": [
        12.5,
        24.5,
        9.5
      ],
      "faces": {
        "up": {
          "uv": [
            7,
            2.5,
            9.5,
            3
          ],
          "texture": "#texture"
        },
        "north": {
          "uv": [
            9.5,
            2.5,
            7,
            5
          ],
          "texture": "#texture"
        },
        "south": {
          "uv": [
            7,
            2.5,
            9.5,
            5
          ],
          "texture": "#texture"
        },
        "west": {
          "uv": [
            7,
            2.5,
            7.5,
            5
          ],
          "texture": "#texture"
        },
        "east": {
          "uv": [
            9,
            2.5,
            9.5,
            5
          ],
          "texture": "#texture"
        }
      }
    },
    {
      "from": [
        3.5,
        20,
        6.5
      ],
      "to": [
        5,
        23,
        9.5
      ],
      "faces": {
        "down": {
          "uv": [
            6.5,
            4,
            7,
            3
          ],
          "texture": "#texture"
        },
        "up": {
          "uv": [
            6.5,
            3,
            7,
            4
          ],
          "texture": "#texture"
        },
        "north": {
          "uv": [
            6.5,
            3,
            7,
            3.5
          ],
          "texture": "#texture"
        },
        "south": {
          "uv": [
            6.5,
            4,
            7,
            3.5
          ],
          "texture": "#texture"
        },
        "west": {
          "uv": [
            6.5,
            3,
            7,
            3.5
          ],
          "texture": "#texture"
        }
      }
    }
  ],
  "display": {
    "thirdperson_righthand": {
      "rotation": [
        0,
        89,
        10
      ],
      "translation": [
        -0.38,
        3.59,
        -0.94
      ],
      "scale": [
        0.4,
        0.4,
        0.4
      ]
    },
    "head": {
      "rotation": [
        0,
        0,
        45
      ],
      "translation": [
        -16,
        -16,
        0
      ],
      "scale": [
        5,
        5,
        5
      ]
    },
    "firstperson_righthand": {
      "rotation": [
        0,
        -85,
        45
      ],
      "translation": [
        0,
        3.97,
        0
      ],
      "scale": [
        0.3,
        0.3,
        0.3
      ]
    },
    "gui": {
      "rotation": [
        0,
        0,
        -45
      ],
      "translation": [
        1.32,
        1.12,
        0
      ],
      "scale": [
        0.33,
        0.33,
        0.33
      ]
    }
  }
}
