{
  "__comment": "designed_by_hypixel_minecraft_server_with_bdcraft_cubik_pro_0.90_beta_-_http://bdcraft.net",
  "textures": {
    "particle": "item/line_icon",
    "texture": "item/line_icon"
  },
  "elements": [
    {
      "from": [
        6.5,
        -14.5,
        6.5
      ],
      "to": [
        9.5,
        30.5,
        9.5
      ],
      "faces": {
        "down": {
          "uv": [
            8,
            15.5,
            8.5,
            15
          ],
          "texture": "#texture"
        },
        "up": {
          "uv": [
            8,
            0.5,
            8.5,
            1.5
          ],
          "texture": "#texture"
        },
        "north": {
          "uv": [
            8.5,
            0.5,
            7.5,
            15.5
          ],
          "texture": "#texture"
        },
        "south": {
          "uv": [
            8.5,
            0.5,
            7.5,
            15.5
          ],
          "texture": "#texture"
        },
        "west": {
          "uv": [
            7.5,
            0.5,
            8.5,
            15.5
          ],
          "texture": "#texture"
        },
        "east": {
          "uv": [
            7.5,
            0.5,
            8.5,
            15.5
          ],
          "texture": "#texture"
        }
      }
    }
  ],
  "display": {
    "thirdperson_righthand": {
      "rotation": [
        0,
        89,
        -9
      ],
      "translation": [
        -0.38,
        3.59,
        -0.94
      ],
      "scale": [
        0.4,
        0.4,
        0.4
      ]
    },
    "head": {
      "rotation": [
        0,
        0,
        45
      ],
      "translation": [
        0,
        2,
        0
      ],
      "scale": [
        4,
        4,
        4
      ]
    },
    "firstperson_righthand": {
      "rotation": [
        0,
        -85,
        26
      ],
      "translation": [
        0,
        3.97,
        0
      ],
      "scale": [
        0.3,
        0.3,
        0.3
      ]
    },
    "gui": {
      "rotation": [
        0,
        0,
        -45
      ],
      "translation": [
        0,
        0,
        0
      ],
      "scale": [
        0.33,
        0.33,
        0.33
      ]
    }
  }
}
