{
  "__comment": "designed_by_hypixel_minecraft_server_with_bdcraft_cubik_pro_0.90_beta_-_http://bdcraft.net",
  "textures": {
    "particle": "item/square_icon",
    "texture": "item/square_icon"
  },
  "elements": [
    {
      "from": [
        -7,
        -7,
        6.5
      ],
      "to": [
        -4,
        23,
        9.5
      ],
      "faces": {
        "down": {
          "uv": [
            3,
            12.5,
            4,
            13
          ],
          "texture": "#texture"
        },
        "up": {
          "uv": [
            3,
            3,
            4,
            3.5
          ],
          "texture": "#texture"
        },
        "north": {
          "uv": [
            4,
            3,
            3,
            13
          ],
          "texture": "#texture"
        },
        "south": {
          "uv": [
            3,
            3,
            4,
            13
          ],
          "texture": "#texture"
        },
        "west": {
          "uv": [
            3,
            3,
            3.5,
            13
          ],
          "texture": "#texture"
        },
        "east": {
          "uv": [
            3.5,
            3,
            4,
            13
          ],
          "texture": "#texture"
        }
      }
    },
    {
      "from": [
        20,
        -7,
        6.5
      ],
      "to": [
        23,
        23,
        9.5
      ],
      "faces": {
        "down": {
          "uv": [
            12,
            12.5,
            13,
            13
          ],
          "texture": "#texture"
        },
        "up": {
          "uv": [
            12,
            3,
            13,
            3.5
          ],
          "texture": "#texture"
        },
        "north": {
          "uv": [
            13,
            3,
            12,
            13
          ],
          "texture": "#texture"
        },
        "south": {
          "uv": [
            12,
            3,
            13,
            13
          ],
          "texture": "#texture"
        },
        "west": {
          "uv": [
            12,
            3,
            12.5,
            13
          ],
          "texture": "#texture"
        },
        "east": {
          "uv": [
            12.5,
            3,
            13,
            13
          ],
          "texture": "#texture"
        }
      }
    },
    {
      "from": [
        -4,
        20,
        6.5
      ],
      "to": [
        20,
        23,
        9.5
      ],
      "faces": {
        "down": {
          "uv": [
            4,
            3.5,
            12,
            4
          ],
          "texture": "#texture"
        },
        "up": {
          "uv": [
            4,
            3,
            12,
            3.5
          ],
          "texture": "#texture"
        },
        "north": {
          "uv": [
            12,
            3,
            4,
            4
          ],
          "texture": "#texture"
        },
        "south": {
          "uv": [
            4,
            3,
            12,
            4
          ],
          "texture": "#texture"
        },
        "west": {
          "uv": [
            4,
            3,
            4.5,
            4
          ],
          "texture": "#texture"
        },
        "east": {
          "uv": [
            11.5,
            3,
            12,
            4
          ],
          "texture": "#texture"
        }
      }
    },
    {
      "from": [
        -4,
        -7,
        6.5
      ],
      "to": [
        20,
        -4,
        9.5
      ],
      "faces": {
        "down": {
          "uv": [
            4,
            12.5,
            12,
            13
          ],
          "texture": "#texture"
        },
        "up": {
          "uv": [
            4,
            12,
            12,
            12.5
          ],
          "texture": "#texture"
        },
        "north": {
          "uv": [
            12,
            12,
            4,
            13
          ],
          "texture": "#texture"
        },
        "south": {
          "uv": [
            4,
            12,
            12,
            13
          ],
          "texture": "#texture"
        },
        "west": {
          "uv": [
            4,
            12,
            4.5,
            13
          ],
          "texture": "#texture"
        },
        "east": {
          "uv": [
            11.5,
            12,
            12,
            13
          ],
          "texture": "#texture"
        }
      }
    }
  ],
  "display": {
    "thirdperson_righthand": {
      "rotation": [
        0,
        89,
        -9
      ],
      "translation": [
        -0.38,
        3.59,
        -0.94
      ],
      "scale": [
        0.4,
        0.4,
        0.4
      ]
    },
    "head": {
      "rotation": [
        0,
        0,
        0
      ],
      "translation": [
        0,
        0,
        0
      ],
      "scale": [
        5,
        5,
        5
      ]
    },
    "firstperson_righthand": {
      "rotation": [
        0,
        -85,
        26
      ],
      "translation": [
        0,
        3.97,
        0
      ],
      "scale": [
        0.3,
        0.3,
        0.3
      ]
    },
    "gui": {
      "rotation": [
        0,
        0,
        0
      ],
      "translation": [
        0,
        0,
        0
      ],
      "scale": [
        0.33,
        0.33,
        0.33
      ]
    }
  }
}
