{
"textures": {
    "particle": "items/coin",
    "texture": "items/coin"
},
"elements": [ 
{
    "from": [ 4.625, -0.75, 6.875 ],
    "to": [ 11.375, 21.75, 9.125 ],
    "faces": {
        "down":  { "uv": [ 6.501, 10.501, 9.499, 10.999 ], "texture": "#texture" },
        "up":    { "uv": [ 6.501, 1.001, 9.499, 1.499 ], "texture": "#texture" },
        "north": { "uv": [ 9.499, 1.001, 6.501, 10.999 ], "texture": "#texture" },
        "south": { "uv": [ 6.501, 1.001, 9.499, 10.999 ], "texture": "#texture" },
        "west":  { "uv": [ 6.501, 1.001, 6.999, 10.999 ], "texture": "#texture" },
        "east":  { "uv": [ 9.001, 1.001, 9.499, 10.999 ], "texture": "#texture" }
    }
},
{
    "from": [ 2.375, 0.375, 6.875 ],
    "to": [ 13.625, 20.625, 9.125 ],
    "faces": {
        "down":  { "uv": [ 5.501, 10.001, 10.499, 10.499 ], "texture": "#texture" },
        "up":    { "uv": [ 5.501, 1.501, 10.499, 1.999 ], "texture": "#texture" },
        "north": { "uv": [ 10.499, 1.501, 5.501, 10.499 ], "texture": "#texture" },
        "south": { "uv": [ 5.501, 1.501, 10.499, 10.499 ], "texture": "#texture" },
        "west":  { "uv": [ 5.501, 1.501, 5.999, 10.499 ], "texture": "#texture" },
        "east":  { "uv": [ 10.001, 1.501, 10.499, 10.499 ], "texture": "#texture" }
    }
},
{
    "from": [ 0.125, 1.5, 6.875 ],
    "to": [ 15.875, 19.5, 9.125 ],
    "faces": {
        "down":  { "uv": [ 4.501, 9.501, 11.499, 9.999 ], "texture": "#texture" },
        "up":    { "uv": [ 4.501, 2.001, 11.499, 2.499 ], "texture": "#texture" },
        "north": { "uv": [ 11.499, 2.001, 4.501, 9.999 ], "texture": "#texture" },
        "south": { "uv": [ 4.501, 2.001, 11.499, 9.999 ], "texture": "#texture" },
        "west":  { "uv": [ 4.501, 2.001, 4.999, 9.999 ], "texture": "#texture" },
        "east":  { "uv": [ 11.001, 2.001, 11.499, 9.999 ], "texture": "#texture" }
    }
},
{
    "from": [ -1, 2.625, 6.875 ],
    "to": [ 17, 18.375, 9.125 ],
    "faces": {
        "down":  { "uv": [ 4.001, 9.001, 11.999, 9.499 ], "texture": "#texture" },
        "up":    { "uv": [ 4.001, 2.501, 11.999, 2.999 ], "texture": "#texture" },
        "north": { "uv": [ 11.999, 2.501, 4.001, 9.499 ], "texture": "#texture" },
        "south": { "uv": [ 4.001, 2.501, 11.999, 9.499 ], "texture": "#texture" },
        "west":  { "uv": [ 4.001, 2.501, 4.499, 9.499 ], "texture": "#texture" },
        "east":  { "uv": [ 11.501, 2.501, 11.999, 9.499 ], "texture": "#texture" }
    }
},
{
    "from": [ -2.125, 4.875, 6.875 ],
    "to": [ 18.125, 16.125, 9.125 ],
    "faces": {
        "down":  { "uv": [ 3.501, 8.001, 12.499, 8.499 ], "texture": "#texture" },
        "up":    { "uv": [ 3.501, 3.501, 12.499, 3.999 ], "texture": "#texture" },
        "north": { "uv": [ 12.499, 3.501, 3.501, 8.499 ], "texture": "#texture" },
        "south": { "uv": [ 3.501, 3.501, 12.499, 8.499 ], "texture": "#texture" },
        "west":  { "uv": [ 3.501, 3.501, 3.999, 8.499 ], "texture": "#texture" },
        "east":  { "uv": [ 12.001, 3.501, 12.499, 8.499 ], "texture": "#texture" }
    }
},
{
    "from": [ -3.25, 7.125, 6.875 ],
    "to": [ 19.25, 13.875, 9.125 ],
    "faces": {
        "down":  { "uv": [ 3.001, 7.001, 12.999, 7.499 ], "texture": "#texture" },
        "up":    { "uv": [ 3.001, 4.501, 12.999, 4.999 ], "texture": "#texture" },
        "north": { "uv": [ 12.999, 4.501, 3.001, 7.499 ], "texture": "#texture" },
        "south": { "uv": [ 3.001, 4.501, 12.999, 7.499 ], "texture": "#texture" },
        "west":  { "uv": [ 3.001, 4.501, 3.499, 7.499 ], "texture": "#texture" },
        "east":  { "uv": [ 12.501, 4.501, 12.999, 7.499 ], "texture": "#texture" }
    }
},
{
    "from": [ 1.25, -5.25, 6.875 ],
    "to": [ 8, 0.375, 8.375 ],
    "faces": {
        "down":  { "uv": [ 5.001, 12.501, 7.999, 12.999 ], "texture": "#texture" },
        "up":    { "uv": [ 5.001, 10.501, 7.999, 10.999 ], "texture": "#texture" },
        "north": { "uv": [ 7.999, 10.501, 5.001, 12.999 ], "texture": "#texture" },
        "south": { "uv": [ 5.001, 10.501, 7.999, 12.999 ], "texture": "#texture" },
        "west":  { "uv": [ 5.001, 10.501, 5.499, 12.999 ], "texture": "#texture" },
        "east":  { "uv": [ 7.501, 10.501, 7.999, 12.999 ], "texture": "#texture" }
    }
},
{
    "from": [ 0.125, -10.875, 6.875 ],
    "to": [ 6.875, -4.125, 8.375 ],
    "faces": {
        "down":  { "uv": [ 4.501, 15.001, 7.499, 15.499 ], "texture": "#texture" },
        "up":    { "uv": [ 4.501, 12.501, 7.499, 12.999 ], "texture": "#texture" },
        "north": { "uv": [ 7.499, 12.501, 4.501, 15.499 ], "texture": "#texture" },
        "south": { "uv": [ 4.501, 12.501, 7.499, 15.499 ], "texture": "#texture" },
        "west":  { "uv": [ 4.501, 12.501, 4.999, 15.499 ], "texture": "#texture" },
        "east":  { "uv": [ 7.001, 12.501, 7.499, 15.499 ], "texture": "#texture" }
    }
},
{
    "from": [ 6.875, -10.875, 6.875 ],
    "to": [ 8, -8.625, 8.375 ],
    "faces": {
        "down":  { "uv": [ 7.501, 14.999, 7.999, 14.501 ], "texture": "#texture" },
        "up":    { "uv": [ 7.501, 14.501, 7.999, 14.999 ], "texture": "#texture" },
        "north": { "uv": [ 7.501, 14.501, 7.999, 14.999 ], "texture": "#texture" },
        "south": { "uv": [ 7.501, 14.999, 7.999, 14.501 ], "texture": "#texture" },
        "east":  { "uv": [ 7.999, 14.501, 7.501, 14.999 ], "texture": "#texture" }
    }
},
{
    "from": [ -1, -12, 6.875 ],
    "to": [ 3.5, -7.5, 8.375 ],
    "faces": {
        "down":  { "uv": [ 4.001, 15.501, 5.999, 15.999 ], "texture": "#texture" },
        "up":    { "uv": [ 4.001, 14.001, 5.999, 14.499 ], "texture": "#texture" },
        "north": { "uv": [ 5.999, 14.001, 4.001, 15.999 ], "texture": "#texture" },
        "south": { "uv": [ 4.001, 14.001, 5.999, 15.999 ], "texture": "#texture" },
        "west":  { "uv": [ 4.001, 14.001, 4.499, 15.999 ], "texture": "#texture" },
        "east":  { "uv": [ 5.501, 14.001, 5.999, 15.999 ], "texture": "#texture" }
    }
},
{
    "from": [ -2.125, -12, 6.875 ],
    "to": [ -1, -9.75, 8.375 ],
    "faces": {
        "down":  { "uv": [ 7.501, 14.999, 7.999, 14.501 ], "texture": "#texture" },
        "up":    { "uv": [ 7.501, 14.501, 7.999, 14.999 ], "texture": "#texture" },
        "north": { "uv": [ 7.501, 14.501, 7.999, 14.999 ], "texture": "#texture" },
        "south": { "uv": [ 7.501, 14.999, 7.999, 14.501 ], "texture": "#texture" },
        "west":  { "uv": [ 7.501, 14.501, 7.999, 14.999 ], "texture": "#texture" }
    }
},
{
    "from": [ 9.125, -4.125, 6.875 ],
    "to": [ 18.125, 0.375, 8.375 ],
    "faces": {
        "down":  { "uv": [ 8.501, 12.001, 12.499, 12.499 ], "texture": "#texture" },
        "up":    { "uv": [ 8.501, 10.501, 12.499, 10.999 ], "texture": "#texture" },
        "north": { "uv": [ 12.499, 10.501, 8.501, 12.499 ], "texture": "#texture" },
        "south": { "uv": [ 8.501, 10.501, 12.499, 12.499 ], "texture": "#texture" },
        "west":  { "uv": [ 8.501, 10.501, 8.999, 12.499 ], "texture": "#texture" },
        "east":  { "uv": [ 12.001, 10.501, 12.499, 12.499 ], "texture": "#texture" }
    }
},
{
    "from": [ 10.25, -5.25, 6.875 ],
    "to": [ 18.125, -4.125, 8.375 ],
    "faces": {
        "down":  { "uv": [ 9.001, 12.501, 12.499, 12.999 ], "texture": "#texture" },
        "north": { "uv": [ 12.499, 12.501, 9.001, 12.999 ], "texture": "#texture" },
        "south": { "uv": [ 9.001, 12.501, 12.499, 12.999 ], "texture": "#texture" },
        "west":  { "uv": [ 9.001, 12.501, 9.499, 12.999 ], "texture": "#up" },
        "east":  { "uv": [ 12.001, 12.501, 12.499, 12.999 ], "texture": "#texture" }
    }
},
{
    "from": [ 18.125, -3, 6.875 ],
    "to": [ 19.25, 0.375, 8.375 ],
    "faces": {
        "down":  { "uv": [ 12.501, 11.501, 12.999, 11.999 ], "texture": "#texture" },
        "up":    { "uv": [ 12.501, 10.501, 12.999, 10.999 ], "texture": "#texture" },
        "north": { "uv": [ 12.501, 10.501, 12.999, 11.999 ], "texture": "#texture" },
        "south": { "uv": [ 12.501, 10.501, 12.999, 11.999 ], "texture": "#texture" },
        "east":  { "uv": [ 12.501, 10.501, 12.999, 11.999 ], "texture": "#texture" }
    }
},
{
    "from": [ 19.25, -3, 6.875 ],
    "to": [ 20.375, -0.75, 8.375 ],
    "faces": {
        "down":  { "uv": [ 13.001, 11.501, 13.499, 11.999 ], "texture": "#texture" },
        "up":    { "uv": [ 13.001, 11.001, 13.499, 11.499 ], "texture": "#texture" },
        "north": { "uv": [ 13.001, 11.001, 13.499, 11.999 ], "texture": "#texture" },
        "south": { "uv": [ 13.001, 11.001, 13.499, 11.999 ], "texture": "#texture" },
        "east":  { "uv": [ 13.001, 11.001, 13.499, 11.999 ], "texture": "#texture" }
    }
},
{
    "from": [ 20.375, -1.875, 6.875 ],
    "to": [ 21.5, -0.75, 8.375 ],
    "faces": {
        "down":  { "uv": [ 13.501, 11.499, 13.999, 11.001 ], "texture": "#texture" },
        "up":    { "uv": [ 13.501, 11.001, 13.999, 11.499 ], "texture": "#texture" },
        "north": { "uv": [ 13.501, 11.001, 13.999, 11.499 ], "texture": "#texture" },
        "south": { "uv": [ 13.501, 11.499, 13.999, 11.001 ], "texture": "#texture" },
        "east":  { "uv": [ 13.999, 11.001, 13.501, 11.499 ], "texture": "#texture" }
    }
},
{
    "from": [ 12.5, -7.5, 6.875 ],
    "to": [ 17, -5.25, 8.375 ],
    "faces": {
        "down":  { "uv": [ 10.001, 13.501, 11.999, 13.999 ], "texture": "#texture" },
        "north": { "uv": [ 11.999, 13.001, 10.001, 13.999 ], "texture": "#texture" },
        "south": { "uv": [ 10.001, 13.001, 11.999, 13.999 ], "texture": "#texture" },
        "west":  { "uv": [ 10.001, 13.001, 10.499, 13.999 ], "texture": "#up" },
        "east":  { "uv": [ 11.501, 13.001, 11.999, 13.999 ], "texture": "#texture" }
    }
},
{
    "from": [ 14.75, -8.625, 6.875 ],
    "to": [ 17, -7.5, 8.375 ],
    "faces": {
        "down":  { "uv": [ 7.501, 14.999, 7.999, 14.501 ], "texture": "#texture" },
        "north": { "uv": [ 7.501, 14.501, 7.999, 14.999 ], "texture": "#texture" },
        "south": { "uv": [ 7.501, 14.999, 7.999, 14.501 ], "texture": "#texture" },
        "west":  { "uv": [ 7.501, 14.501, 7.999, 14.999 ], "texture": "#up" },
        "east":  { "uv": [ 7.999, 14.501, 7.501, 14.999 ], "texture": "#texture" }
    }
},
{
    "from": [ 8, -1.875, 6.875 ],
    "to": [ 9.125, -0.75, 8.375 ],
    "faces": {
        "down":  { "uv": [ 8.001, 11.499, 8.499, 11.001 ], "texture": "#texture" },
        "up":    { "uv": [ 8.001, 11.001, 8.499, 11.499 ], "texture": "#texture" },
        "north": { "uv": [ 8.001, 11.001, 8.499, 11.499 ], "texture": "#texture" },
        "south": { "uv": [ 8.001, 11.499, 8.499, 11.001 ], "texture": "#texture" },
        "west":  { "uv": [ 8.001, 11.001, 8.499, 11.499 ], "texture": "#texture" },
        "east":  { "uv": [ 8.499, 11.001, 8.001, 11.499 ], "texture": "#texture" }
    }
}
],
"display": {
    "head": {
        "rotation": [ 0, 0, 0 ],
        "translation": [ 0, 0, 0 ],
        "scale": [ 4, 4, 4 ]
    }
}
}