{"__comment":"Designed by Hypixel minecraft server with BDcraft Cubik PRO 0.90 Beta - http://bdcraft.net","textures":{"particle":"items/tutorial","texture":"items/tutorial"},"elements":[{"from":[-16,-6,6.5],"to":[-13.75,24.75,9.5],"faces":{"down":{"uv":[0,12.75,0.75,13],"texture":"#texture"},"up":{"uv":[0,2.75,0.75,3],"texture":"#texture"},"north":{"uv":[0.75,2.75,0,13],"texture":"#texture"},"south":{"uv":[0,2.75,0.75,13],"texture":"#texture"},"west":{"uv":[0,2.75,0.25,13],"texture":"#texture"},"east":{"uv":[0.5,2.75,0.75,13],"texture":"#texture"}}},{"from":[-13.75,22.5,6.5],"to":[29.75,24.75,9.5],"faces":{"down":{"uv":[0.75,3.25,15.25,3.5],"texture":"#texture"},"up":{"uv":[0.75,2.75,15.25,3],"texture":"#texture"},"north":{"uv":[15.25,2.75,0.75,3.5],"texture":"#texture"},"south":{"uv":[0.75,2.75,15.25,3.5],"texture":"#texture"},"west":{"uv":[0.75,2.75,1,3.5],"texture":"#texture"},"east":{"uv":[15,2.75,15.25,3.5],"texture":"#texture"}}},{"from":[29.75,-6,6.5],"to":[32,24.75,9.5],"faces":{"down":{"uv":[15.25,12.75,16,13],"texture":"#texture"},"up":{"uv":[15.25,2.75,16,3],"texture":"#texture"},"north":{"uv":[16,2.75,15.25,13],"texture":"#texture"},"south":{"uv":[15.25,2.75,16,13],"texture":"#texture"},"west":{"uv":[15.25,2.75,15.5,13],"texture":"#texture"},"east":{"uv":[15.75,2.75,16,13],"texture":"#texture"}}},{"from":[-13.75,-6,6.5],"to":[29.75,-3.75,9.5],"faces":{"down":{"uv":[0.75,12.75,15.25,13],"texture":"#texture"},"up":{"uv":[0.75,12.25,15.25,12.5],"texture":"#texture"},"north":{"uv":[15.25,12.25,0.75,13],"texture":"#texture"},"south":{"uv":[0.75,12.25,15.25,13],"texture":"#texture"},"west":{"uv":[0.75,12.25,1,13],"texture":"#texture"},"east":{"uv":[15,12.25,15.25,13],"texture":"#texture"}}},{"from":[-13.75,-3.75,6.5],"to":[29.75,22.5,8],"faces":{"down":{"uv":[15.25,8,0.75,7.5],"texture":"#texture"},"up":{"uv":[0.75,7.5,15.25,8],"texture":"#texture"},"north":{"uv":[0.5,3.5,0.75,12.25],"texture":"#texture"},"south":{"uv":[0.75,3.5,15.25,12.25],"texture":"#texture"},"west":{"uv":[7.5,3.5,8,12.25],"texture":"#texture"},"east":{"uv":[8,3.5,8.5,12.25],"texture":"#texture"}}},{"from":[17.75,-15.75,4.25],"to":[20,27,6.5],"faces":{"down":{"uv":[15.25,12.75,16,13],"texture":"#texture"},"up":{"uv":[15.25,3.5,16,3.75],"texture":"#texture"},"north":{"uv":[16,3.5,15.25,12.75],"texture":"#texture"},"south":{"uv":[16,3.5,15.25,12.75],"texture":"#texture"},"west":{"uv":[15.25,3.5,16,12.75],"texture":"#texture"},"east":{"uv":[15.25,3.5,16,12.75],"texture":"#texture"}}},{"from":[-4,-15.75,4.25],"to":[-1.75,27,6.5],"faces":{"down":{"uv":[15.25,12.75,16,13],"texture":"#texture"},"up":{"uv":[15.25,3.5,16,3.75],"texture":"#texture"},"north":{"uv":[16,3.5,15.25,12.75],"texture":"#texture"},"south":{"uv":[16,3.5,15.25,12.75],"texture":"#texture"},"west":{"uv":[15.25,3.5,16,12.75],"texture":"#texture"},"east":{"uv":[15.25,3.5,16,12.75],"texture":"#texture"}}},{"from":[-1.75,15.75,4.25],"to":[17.75,18,6.5],"faces":{"down":{"uv":[4.75,3.25,11.25,3.5],"texture":"#texture"},"up":{"uv":[4.75,2.75,11.25,3],"texture":"#texture"},"north":{"uv":[4.75,2.75,11.25,3.5],"texture":"#texture"},"south":{"uv":[4.75,2.75,11.25,3.5],"texture":"#texture"},"west":{"uv":[5.75,2.75,6.5,3.5],"texture":"#texture"},"east":{"uv":[5.75,2.75,6.5,3.5],"texture":"#texture"}}},{"from":[-1.75,0,4.25],"to":[17.75,2.25,6.5],"faces":{"down":{"uv":[4.75,3.25,11.25,3.5],"texture":"#texture"},"up":{"uv":[4.75,2.75,11.25,3],"texture":"#texture"},"north":{"uv":[4.75,2.75,11.25,3.5],"texture":"#texture"},"south":{"uv":[4.75,2.75,11.25,3.5],"texture":"#texture"},"west":{"uv":[5.75,2.75,6.5,3.5],"texture":"#texture"},"east":{"uv":[5.75,2.75,6.5,3.5],"texture":"#texture"}}}],"display":{"thirdperson":{"rotation":[0,90,-69],"translation":[0,2,-3.5],"scale":[0.4,0.4,0.4 ]},"head":{"rotation":[0,180,0],"translation":[0,-0.8,0],"scale":[2,2,2 ]},"firstperson":{"rotation":[0,-135,25],"translation":[6.8,6.8,-1.4],"scale":[1,1,1 ]},"gui":{"rotation":[-30,135,0],"translation":[0,0.2,0],"scale":[0.53,0.53,0.53 ]}}}