{"__comment":"Designed by Hypixel minecraft server with BDcraft Cubik PRO 0.90 Beta - http://bdcraft.net","textures":{"particle":"items/logo","texture":"items/logo"},"elements":[{"from":[-16,-11.5,6.5],"to":[-13.75,19.25,9.5],"faces":{"down":{"uv":[0,14.25,0.75,14.5],"texture":"#texture"},"up":{"uv":[0,4.25,0.75,4.5],"texture":"#texture"},"north":{"uv":[0.75,4.25,0,14.5],"texture":"#texture"},"south":{"uv":[0,4.25,0.75,14.5],"texture":"#texture"},"west":{"uv":[0,4.25,0.25,14.5],"texture":"#texture"},"east":{"uv":[0.5,4.25,0.75,14.5],"texture":"#texture"}}},{"from":[1.25,18.5,8.75],"to":[5,20.75,10.25],"faces":{"down":{"uv":[5.75,4.25,7,4.5],"texture":"#texture"},"up":{"uv":[5.75,3.75,7,4],"texture":"#texture"},"north":{"uv":[7,3.75,5.75,4.5],"texture":"#texture"},"south":{"uv":[5.75,3.75,7,4.5],"texture":"#texture"},"west":{"uv":[5.75,3.75,6,4.5],"texture":"#texture"},"east":{"uv":[6.75,3.75,7,4.5],"texture":"#texture"}}},{"from":[2,20.75,8.75],"to":[4.25,21.5,10.25],"faces":{"up":{"uv":[6,3.5,6.25,3.75],"texture":"#texture"},"north":{"uv":[6,3.5,6.25,3.75],"texture":"#texture"},"south":{"uv":[6,3.5,6.25,3.75],"texture":"#texture"},"west":{"uv":[6,3.5,6.25,3.75],"texture":"#texture"},"east":{"uv":[6,3.5,6.25,3.75],"texture":"#texture"}}},{"from":[5.75,20.75,8.75],"to":[7.25,23.75,10.25],"faces":{"down":{"uv":[7.75,3.75,7.25,3.5],"texture":"#texture"},"up":{"uv":[7.25,2.75,7.75,3],"texture":"#texture"},"north":{"uv":[7.75,2.75,7.25,3.75],"texture":"#texture"},"south":{"uv":[7.25,2.75,7.75,3.75],"texture":"#texture"},"west":{"uv":[7.25,2.75,7.5,3.75],"texture":"#texture"},"east":{"uv":[7.5,2.75,7.75,3.75],"texture":"#texture"}}},{"from":[6.5,21.5,8.75],"to":[8,24.5,10.25],"faces":{"down":{"uv":[8,3.5,7.5,3.25],"texture":"#texture"},"up":{"uv":[7.5,2.5,8,2.75],"texture":"#texture"},"north":{"uv":[8,2.5,7.5,3.5],"texture":"#texture"},"south":{"uv":[7.5,2.5,8,3.5],"texture":"#texture"},"west":{"uv":[7.5,2.5,7.75,3.5],"texture":"#texture"},"east":{"uv":[7.75,2.5,8,3.5],"texture":"#texture"}}},{"from":[2,17.75,8.75],"to":[5,18.5,10.25],"faces":{"down":{"uv":[6,4.5,7,4.75],"texture":"#texture"},"north":{"uv":[7,4.5,6,4.75],"texture":"#texture"},"south":{"uv":[6,4.5,7,4.75],"texture":"#texture"},"west":{"uv":[6,4.5,6.25,4.75],"texture":"#texture"},"east":{"uv":[6,4.5,6.25,4.75],"texture":"#texture"}}},{"from":[2.75,17,8.75],"to":[5,17.75,10.25],"faces":{"down":{"uv":[6.25,4.75,7,5],"texture":"#texture"},"north":{"uv":[7,4.75,6.25,5],"texture":"#texture"},"south":{"uv":[6.25,4.75,7,5],"texture":"#texture"},"west":{"uv":[6.25,4.75,6.5,5],"texture":"#texture"},"east":{"uv":[6.25,4.75,6.5,5],"texture":"#texture"}}},{"from":[2.75,16.25,8.75],"to":[4.25,17,10.25],"faces":{"down":{"uv":[6.25,5,6.75,5.25],"texture":"#texture"},"south":{"uv":[6.25,5,6.75,5.25],"texture":"#texture"},"west":{"uv":[6.25,5,6.5,5.25],"texture":"#texture"},"east":{"uv":[6.25,5,6.5,5.25],"texture":"#texture"}}},{"from":[5,12.5,8.75],"to":[11,13.25,10.25],"faces":{"down":{"uv":[7,6.25,9,6.5],"texture":"#texture"},"south":{"uv":[7,6.25,9,6.5],"texture":"#texture"},"west":{"uv":[7,6.25,7.25,6.5],"texture":"#texture"},"east":{"uv":[8.75,6.25,9,6.5],"texture":"#texture"}}},{"from":[4.25,13.25,8.75],"to":[12.5,14,10.25],"faces":{"down":{"uv":[6.75,6,9.5,6.25],"texture":"#texture"},"up":{"uv":[6.75,6,9.5,6.25],"texture":"#texture"},"south":{"uv":[6.75,6,9.5,6.25],"texture":"#texture"},"west":{"uv":[6.75,6,7,6.25],"texture":"#texture"},"east":{"uv":[9.25,6,9.5,6.25],"texture":"#texture"}}},{"from":[5,14,8.75],"to":[13.25,14.75,10.25],"faces":{"down":{"uv":[7,5.75,9.75,6],"texture":"#texture"},"up":{"uv":[7,5.75,9.75,6],"texture":"#texture"},"south":{"uv":[7,5.75,9.75,6],"texture":"#texture"},"west":{"uv":[7,5.75,7.25,6],"texture":"#texture"},"east":{"uv":[9.5,5.75,9.75,6],"texture":"#texture"}}},{"from":[5.75,14.75,8.75],"to":[14,15.5,10.25],"faces":{"down":{"uv":[7.25,5.5,10,5.75],"texture":"#texture"},"up":{"uv":[7.25,5.5,10,5.75],"texture":"#texture"},"south":{"uv":[7.25,5.5,10,5.75],"texture":"#texture"},"west":{"uv":[7.25,5.5,7.5,5.75],"texture":"#texture"},"east":{"uv":[9.75,5.5,10,5.75],"texture":"#texture"}}},{"from":[7.25,15.5,8.75],"to":[14,16.25,10.25],"faces":{"up":{"uv":[7.75,5.25,10,5.5],"texture":"#texture"},"south":{"uv":[7.75,5.25,10,5.5],"texture":"#texture"},"west":{"uv":[7.75,5.25,8,5.5],"texture":"#texture"},"east":{"uv":[9.75,5.25,10,5.5],"texture":"#texture"}}},{"from":[8,16.25,8.75],"to":[15.5,17.75,10.25],"faces":{"down":{"uv":[8,5,10.5,5.25],"texture":"#texture"},"up":{"uv":[8,4.75,10.5,5],"texture":"#texture"},"north":{"uv":[10.5,4.75,8,5.25],"texture":"#texture"},"south":{"uv":[8,4.75,10.5,5.25],"texture":"#texture"},"west":{"uv":[8,4.75,8.25,5.25],"texture":"#texture"},"east":{"uv":[10.25,4.75,10.5,5.25],"texture":"#texture"}}},{"from":[8.75,17.75,9.5],"to":[17.75,18.5,10.25],"faces":{"down":{"uv":[8.25,4.5,11.25,4.75],"texture":"#texture"},"up":{"uv":[8.25,4.5,11.25,4.75],"texture":"#texture"},"south":{"uv":[8.25,4.5,11.25,4.75],"texture":"#texture"},"west":{"uv":[8.25,4.5,8.5,4.75],"texture":"#texture"},"east":{"uv":[11,4.5,11.25,4.75],"texture":"#texture"}}},{"from":[14,17,9.5],"to":[17,17.75,10.25],"faces":{"down":{"uv":[10,4.75,11,5],"texture":"#texture"},"south":{"uv":[10,4.75,11,5],"texture":"#texture"},"west":{"uv":[10,4.75,10.25,5],"texture":"#texture"},"east":{"uv":[10.75,4.75,11,5],"texture":"#texture"}}},{"from":[9.5,18.5,9.5],"to":[18.5,19.25,10.25],"faces":{"down":{"uv":[8.5,4.25,11.5,4.5],"texture":"#texture"},"up":{"uv":[8.5,4.25,11.5,4.5],"texture":"#texture"},"south":{"uv":[8.5,4.25,11.5,4.5],"texture":"#texture"},"west":{"uv":[8.5,4.25,8.75,4.5],"texture":"#texture"},"east":{"uv":[11.25,4.25,11.5,4.5],"texture":"#texture"}}},{"from":[11.75,19.25,8.75],"to":[19.25,20,10.25],"faces":{"down":{"uv":[9.25,4,11.75,4.25],"texture":"#texture"},"north":{"uv":[11.75,4,9.25,4.25],"texture":"#texture"},"south":{"uv":[9.25,4,11.75,4.25],"texture":"#texture"},"west":{"uv":[9.25,4,9.5,4.25],"texture":"#texture"},"east":{"uv":[11.5,4,11.75,4.25],"texture":"#texture"}}},{"from":[11.75,20,8.75],"to":[20,20.75,10.25],"faces":{"down":{"uv":[9.25,3.75,12,4],"texture":"#texture"},"up":{"uv":[9.25,3.75,12,4],"texture":"#texture"},"north":{"uv":[12,3.75,9.25,4],"texture":"#texture"},"south":{"uv":[9.25,3.75,12,4],"texture":"#texture"},"west":{"uv":[9.25,3.75,9.5,4],"texture":"#texture"},"east":{"uv":[11.75,3.75,12,4],"texture":"#texture"}}},{"from":[12.5,20.75,8.75],"to":[20.75,21.5,10.25],"faces":{"down":{"uv":[9.5,3.5,12.25,3.75],"texture":"#texture"},"up":{"uv":[9.5,3.5,12.25,3.75],"texture":"#texture"},"north":{"uv":[12.25,3.5,9.5,3.75],"texture":"#texture"},"south":{"uv":[9.5,3.5,12.25,3.75],"texture":"#texture"},"west":{"uv":[9.5,3.5,9.75,3.75],"texture":"#texture"},"east":{"uv":[12,3.5,12.25,3.75],"texture":"#texture"}}},{"from":[13.25,21.5,8.75],"to":[21.5,22.25,10.25],"faces":{"down":{"uv":[9.75,3.25,12.5,3.5],"texture":"#texture"},"up":{"uv":[9.75,3.25,12.5,3.5],"texture":"#texture"},"north":{"uv":[12.5,3.25,9.75,3.5],"texture":"#texture"},"south":{"uv":[9.75,3.25,12.5,3.5],"texture":"#texture"},"west":{"uv":[9.75,3.25,10,3.5],"texture":"#texture"},"east":{"uv":[12.25,3.25,12.5,3.5],"texture":"#texture"}}},{"from":[14,22.25,8.75],"to":[22.25,23,10.25],"faces":{"down":{"uv":[10,3,12.75,3.25],"texture":"#texture"},"up":{"uv":[10,3,12.75,3.25],"texture":"#texture"},"north":{"uv":[12.75,3,10,3.25],"texture":"#texture"},"south":{"uv":[10,3,12.75,3.25],"texture":"#texture"},"west":{"uv":[10,3,10.25,3.25],"texture":"#texture"},"east":{"uv":[12.5,3,12.75,3.25],"texture":"#texture"}}},{"from":[15.5,23,8.75],"to":[23,23.75,10.25],"faces":{"down":{"uv":[10.5,2.75,13,3],"texture":"#texture"},"up":{"uv":[10.5,2.75,13,3],"texture":"#texture"},"north":{"uv":[13,2.75,10.5,3],"texture":"#texture"},"south":{"uv":[10.5,2.75,13,3],"texture":"#texture"},"west":{"uv":[10.5,2.75,10.75,3],"texture":"#texture"},"east":{"uv":[12.75,2.75,13,3],"texture":"#texture"}}},{"from":[16.25,23.75,8.75],"to":[23.75,24.5,10.25],"faces":{"down":{"uv":[10.75,2.5,13.25,2.75],"texture":"#texture"},"up":{"uv":[10.75,2.5,13.25,2.75],"texture":"#texture"},"north":{"uv":[13.25,2.5,10.75,2.75],"texture":"#texture"},"south":{"uv":[10.75,2.5,13.25,2.75],"texture":"#texture"},"west":{"uv":[10.75,2.5,11,2.75],"texture":"#texture"},"east":{"uv":[13,2.5,13.25,2.75],"texture":"#texture"}}},{"from":[17,24.5,8.75],"to":[24.5,25.25,10.25],"faces":{"down":{"uv":[11,2.25,13.5,2.5],"texture":"#texture"},"up":{"uv":[11,2.25,13.5,2.5],"texture":"#texture"},"north":{"uv":[13.5,2.25,11,2.5],"texture":"#texture"},"south":{"uv":[11,2.25,13.5,2.5],"texture":"#texture"},"west":{"uv":[11,2.25,11.25,2.5],"texture":"#texture"},"east":{"uv":[13.25,2.25,13.5,2.5],"texture":"#texture"}}},{"from":[17.75,25.25,8.75],"to":[25.25,26,10.25],"faces":{"down":{"uv":[11.25,2,13.75,2.25],"texture":"#texture"},"up":{"uv":[11.25,2,13.75,2.25],"texture":"#texture"},"north":{"uv":[13.75,2,11.25,2.25],"texture":"#texture"},"south":{"uv":[11.25,2,13.75,2.25],"texture":"#texture"},"west":{"uv":[11.25,2,11.5,2.25],"texture":"#texture"},"east":{"uv":[13.5,2,13.75,2.25],"texture":"#texture"}}},{"from":[18.5,26,8.75],"to":[26,26.75,10.25],"faces":{"down":{"uv":[11.5,1.75,14,2],"texture":"#texture"},"up":{"uv":[11.5,1.75,14,2],"texture":"#texture"},"north":{"uv":[14,1.75,11.5,2],"texture":"#texture"},"south":{"uv":[11.5,1.75,14,2],"texture":"#texture"},"west":{"uv":[11.5,1.75,11.75,2],"texture":"#texture"},"east":{"uv":[13.75,1.75,14,2],"texture":"#texture"}}},{"from":[19.25,26.75,8.75],"to":[26.75,27.5,10.25],"faces":{"down":{"uv":[11.75,1.5,14.25,1.75],"texture":"#texture"},"up":{"uv":[11.75,1.5,14.25,1.75],"texture":"#texture"},"north":{"uv":[14.25,1.5,11.75,1.75],"texture":"#texture"},"south":{"uv":[11.75,1.5,14.25,1.75],"texture":"#texture"},"west":{"uv":[11.75,1.5,12,1.75],"texture":"#texture"},"east":{"uv":[13.75,1.5,14,1.75],"texture":"#texture"}}},{"from":[20,27.5,8.75],"to":[27.5,28.25,10.25],"faces":{"down":{"uv":[12,1.25,14.5,1.5],"texture":"#texture"},"up":{"uv":[12,1.25,14.5,1.5],"texture":"#texture"},"north":{"uv":[14.5,1.25,12,1.5],"texture":"#texture"},"south":{"uv":[12,1.25,14.5,1.5],"texture":"#texture"},"west":{"uv":[12.25,1,12.5,1.25],"texture":"#texture"},"east":{"uv":[14.25,1,14.5,1.25],"texture":"#texture"}}},{"from":[20.75,28.25,8.75],"to":[27.5,29,10.25],"faces":{"up":{"uv":[12.25,1,14.5,1.25],"texture":"#texture"},"north":{"uv":[14.5,1,12.25,1.25],"texture":"#texture"},"south":{"uv":[12.25,1,14.5,1.25],"texture":"#texture"},"west":{"uv":[12.5,0.75,12.75,1],"texture":"#texture"},"east":{"uv":[14.25,0.75,14.5,1],"texture":"#texture"}}},{"from":[21.5,29,8.75],"to":[27.5,29.75,10.25],"faces":{"up":{"uv":[12.5,0.75,14.5,1],"texture":"#texture"},"north":{"uv":[14.5,0.75,12.5,1],"texture":"#texture"},"south":{"uv":[12.5,0.75,14.5,1],"texture":"#texture"},"west":{"uv":[12.5,0.75,12.75,1],"texture":"#texture"},"east":{"uv":[14.25,0.75,14.5,1],"texture":"#texture"}}},{"from":[22.25,29.75,8.75],"to":[27.5,30.5,10.25],"faces":{"up":{"uv":[12.75,0.5,14.5,0.75],"texture":"#texture"},"north":{"uv":[14.5,0.5,12.75,0.75],"texture":"#texture"},"south":{"uv":[12.75,0.5,14.5,0.75],"texture":"#texture"},"west":{"uv":[12.75,0.5,13,0.75],"texture":"#texture"},"east":{"uv":[14.25,0.5,14.5,0.75],"texture":"#texture"}}},{"from":[23.75,30.5,8.75],"to":[26.75,31.25,10.25],"faces":{"up":{"uv":[13.25,0.25,14.25,0.5],"texture":"#texture"},"north":{"uv":[14.25,0.25,13.25,0.5],"texture":"#texture"},"south":{"uv":[13.25,0.25,14.25,0.5],"texture":"#texture"},"west":{"uv":[13.25,0.25,13.5,0.5],"texture":"#texture"},"east":{"uv":[14,0.25,14.25,0.5],"texture":"#texture"}}},{"from":[3.5,15.5,8.75],"to":[4.25,16.25,10.25],"faces":{"down":{"uv":[6.25,5,6.75,5.25],"texture":"#texture"},"south":{"uv":[6.25,5,6.75,5.25],"texture":"#texture"},"west":{"uv":[6.25,5,6.5,5.25],"texture":"#texture"},"east":{"uv":[6.25,5,6.5,5.25],"texture":"#texture"}}},{"from":[8,22.25,8.75],"to":[8.75,23.75,10.25],"faces":{"down":{"uv":[6.25,5,6.75,5.25],"texture":"#texture"},"up":{"uv":[6.25,5,6.75,5.25],"texture":"#texture"},"north":{"uv":[6.75,5,6.25,5.25],"texture":"#texture"},"south":{"uv":[6.25,5,6.75,5.25],"texture":"#texture"},"east":{"uv":[6.25,5,6.5,5.25],"texture":"#texture"}}},{"from":[29.75,-11.5,6.5],"to":[32,19.25,9.5],"faces":{"down":{"uv":[15.25,14.25,16,14.5],"texture":"#texture"},"up":{"uv":[15.25,4.25,16,4.5],"texture":"#texture"},"north":{"uv":[16,4.25,15.25,14.5],"texture":"#texture"},"south":{"uv":[15.25,4.25,16,14.5],"texture":"#texture"},"west":{"uv":[15.25,4.25,15.5,14.5],"texture":"#texture"},"east":{"uv":[15.75,4.25,16,14.5],"texture":"#texture"}}},{"from":[-13.75,17,6.5],"to":[29.75,19.25,9.5],"faces":{"down":{"uv":[0.75,14.25,15.25,14.5],"texture":"#texture"},"up":{"uv":[0.75,13.75,15.25,14],"texture":"#texture"},"north":{"uv":[15.25,13.75,0.75,14.5],"texture":"#texture"},"south":{"uv":[0.75,13.75,15.25,14.5],"texture":"#texture"}}},{"from":[-13.75,-11.5,6.5],"to":[29.75,-9.25,9.5],"faces":{"down":{"uv":[0.75,14.25,15.25,14.5],"texture":"#texture"},"up":{"uv":[0.75,13.75,15.25,14],"texture":"#texture"},"north":{"uv":[15.25,13.75,0.75,14.5],"texture":"#texture"},"south":{"uv":[0.75,13.75,15.25,14.5],"texture":"#texture"}}},{"from":[-13.75,-9.25,6.5],"to":[29.75,17,8.75],"faces":{"north":{"uv":[0.5,5,0.75,13.75],"texture":"#texture"},"south":{"uv":[0.75,5,15.25,13.75],"texture":"#texture"}}}],"display":{"thirdperson":{"rotation":[0,90,-69],"translation":[0,2,-3.5],"scale":[0.4,0.4,0.4 ]},"head":{"rotation":[0,180,0],"translation":[0,0,0],"scale":[2,2,2 ]},"fixed":{"rotation":[0,180,0],"translation":[0,0,0],"scale":[1,1,1 ]},"firstperson":{"rotation":[0,-135,25],"translation":[6.8,6.8,-1.4],"scale":[1,1,1 ]},"gui":{"rotation":[-30,135,0],"translation":[0,0,0],"scale":[0.54,0.54,0.54 ]}}}