{
"__comment": "Designed by Hypixel minecraft server with BDcraft Cubik PRO 0.90 Beta - http://bdcraft.net",
"textures": {
    "particle": "items/Square Icon",
    "texture": "items/Square Icon"
},
"elements": [ 
{
    "from": [ -7, -7, 6.5 ],
    "to": [ -4, 23, 9.5 ],
    "faces": {
        "down":  { "uv": [ 3, 12.5, 4, 13 ], "texture": "#texture" },
        "up":    { "uv": [ 3, 3, 4, 3.5 ], "texture": "#texture" },
        "north": { "uv": [ 4, 3, 3, 13 ], "texture": "#texture" },
        "south": { "uv": [ 3, 3, 4, 13 ], "texture": "#texture" },
        "west":  { "uv": [ 3, 3, 3.5, 13 ], "texture": "#texture" },
        "east":  { "uv": [ 3.5, 3, 4, 13 ], "texture": "#texture" }
    }
},
{
    "from": [ 20, -7, 6.5 ],
    "to": [ 23, 23, 9.5 ],
    "faces": {
        "down":  { "uv": [ 12, 12.5, 13, 13 ], "texture": "#texture" },
        "up":    { "uv": [ 12, 3, 13, 3.5 ], "texture": "#texture" },
        "north": { "uv": [ 13, 3, 12, 13 ], "texture": "#texture" },
        "south": { "uv": [ 12, 3, 13, 13 ], "texture": "#texture" },
        "west":  { "uv": [ 12, 3, 12.5, 13 ], "texture": "#texture" },
        "east":  { "uv": [ 12.5, 3, 13, 13 ], "texture": "#texture" }
    }
},
{
    "from": [ -4, 20, 6.5 ],
    "to": [ 20, 23, 9.5 ],
    "faces": {
        "down":  { "uv": [ 4, 3.5, 12, 4 ], "texture": "#texture" },
        "up":    { "uv": [ 4, 3, 12, 3.5 ], "texture": "#texture" },
        "north": { "uv": [ 12, 3, 4, 4 ], "texture": "#texture" },
        "south": { "uv": [ 4, 3, 12, 4 ], "texture": "#texture" },
        "west":  { "uv": [ 4, 3, 4.5, 4 ], "texture": "#texture" },
        "east":  { "uv": [ 11.5, 3, 12, 4 ], "texture": "#texture" }
    }
},
{
    "from": [ -4, -7, 6.5 ],
    "to": [ 20, -4, 9.5 ],
    "faces": {
        "down":  { "uv": [ 4, 12.5, 12, 13 ], "texture": "#texture" },
        "up":    { "uv": [ 4, 12, 12, 12.5 ], "texture": "#texture" },
        "north": { "uv": [ 12, 12, 4, 13 ], "texture": "#texture" },
        "south": { "uv": [ 4, 12, 12, 13 ], "texture": "#texture" },
        "west":  { "uv": [ 4, 12, 4.5, 13 ], "texture": "#texture" },
        "east":  { "uv": [ 11.5, 12, 12, 13 ], "texture": "#texture" }
    }
}
],
"display": {
    "thirdperson": {
        "rotation": [ 0, 90, -69 ],
        "translation": [ 0, 2, -3.5 ],
        "scale": [ 0.4, 0.4, 0.4 ]
    },
    "head": {
        "rotation": [ 0, 0, 0 ],
        "translation": [ 0, 0, 0 ],
        "scale": [ 5, 5, 5 ]
    },
    "firstperson": {
        "rotation": [ 0, -135, 25 ],
        "translation": [ 6.8, 6.8, -1.4 ],
        "scale": [ 1, 1, 1 ]
    },
    "gui": {
        "rotation": [ -30, 135, 0 ],
        "translation": [ 0, 0, 0 ],
        "scale": [ 0.57, 0.57, 0.57 ]
    }
}
}