{
"__comment": "Designed by Hypixel minecraft server with BDcraft Cubik PRO 0.90 Beta - http://bdcraft.net",
"textures": {
    "particle": "items/frame3",
    "texture": "items/frame3"
},
"elements": [ 
{
    "from": [ -16, -16, 5 ],
    "to": [ 32, 32, 11 ],
    "faces": {
        "down":  { "uv": [ 0, 15.5, 16, 16 ], "texture": "#texture" },
        "up":    { "uv": [ 0, 0, 16, 0.5 ], "texture": "#texture" },
        "north": { "uv": [ 16, 0, 0, 16 ], "texture": "#texture" },
        "south": { "uv": [ 0, 0, 16, 16 ], "texture": "#texture" },
        "west":  { "uv": [ 0, 0, 0.5, 16 ], "texture": "#texture" },
        "east":  { "uv": [ 15.5, 0, 16, 16 ], "texture": "#texture" }
    }
},
{
    "from": [ -11.5, -11.5, 3.5 ],
    "to": [ 27.5, 27.5, 5 ],
    "faces": {
        "down":  { "uv": [ 1.5, 14, 14.5, 14.5 ], "texture": "#texture" },
        "up":    { "uv": [ 1.5, 1.5, 14.5, 2 ], "texture": "#texture" },
        "north": { "uv": [ 14.5, 1.5, 1.5, 14.5 ], "texture": "#texture" },
        "west":  { "uv": [ 1.5, 1.5, 2, 14.5 ], "texture": "#texture" },
        "east":  { "uv": [ 14, 1.5, 14.5, 14.5 ], "texture": "#texture" }
    }
}
],
"display": {
    "thirdperson": {
        "rotation": [ 0, 90, -69 ],
        "translation": [ 0, 2, -3.5 ],
        "scale": [ 0.4, 0.4, 0.4 ]
    },
    "head": {
        "rotation": [ 0, 0, 0 ],
        "translation": [ 0, 0, 0 ],
        "scale": [ 5, 5, 5 ]
    },
    "firstperson": {
        "rotation": [ 0, -135, 25 ],
        "translation": [ 6.8, 6.8, -1.4 ],
        "scale": [ 1, 1, 1 ]
    },
    "gui": {
        "rotation": [ -30, 135, 0 ],
        "translation": [ 0, 0, 0 ],
        "scale": [ 0.53, 0.53, 0.53 ]
    }
}
}