{
"__comment": "Designed by Hypixel minecraft server with BDcraft Cubik PRO 0.90 Beta - http://bdcraft.net",
"textures": {
    "particle": "items/bucket",
    "texture": "items/bucket"
},
"elements": [ 
{
    "from": [ -5.5, 11, 6.5 ],
    "to": [ 21.5, 15.5, 9.5 ],
    "faces": {
        "down":  { "uv": [ 3.5, 6.5, 12.5, 7 ], "rotation": 180, "texture": "#texture" },
        "up":    { "uv": [ 3.5, 5.5, 12.5, 6 ], "rotation": 180, "texture": "#texture" },
        "north": { "uv": [ 3.5, 5.5, 12.5, 7 ], "texture": "#texture" },
        "south": { "uv": [ 12.5, 5.5, 3.5, 7 ], "texture": "#texture" },
        "west":  { "uv": [ 12, 5.5, 12.5, 7 ], "texture": "#texture" },
        "east":  { "uv": [ 3.5, 5.5, 4, 7 ], "texture": "#texture" }
    }
},
{
    "from": [ -4, -2.5, 6.5 ],
    "to": [ 20, 11, 9.5 ],
    "faces": {
        "down":  { "uv": [ 4, 11, 12, 11.5 ], "rotation": 180, "texture": "#texture" },
        "north": { "uv": [ 4, 7, 12, 11.5 ], "texture": "#texture" },
        "south": { "uv": [ 12, 7, 4, 11.5 ], "texture": "#texture" },
        "west":  { "uv": [ 11.5, 7, 12, 11.5 ], "texture": "#texture" },
        "east":  { "uv": [ 4, 7, 4.5, 11.5 ], "texture": "#texture" }
    }
},
{
    "from": [ -2.5, -16, 6.5 ],
    "to": [ 18.5, -2.5, 9.5 ],
    "faces": {
        "down":  { "uv": [ 4.5, 15.5, 11.5, 16 ], "rotation": 180, "texture": "#texture" },
        "north": { "uv": [ 4.5, 11.5, 11.5, 16 ], "texture": "#texture" },
        "south": { "uv": [ 11.5, 11.5, 4.5, 16 ], "texture": "#texture" },
        "west":  { "uv": [ 11, 11.5, 11.5, 16 ], "texture": "#texture" },
        "east":  { "uv": [ 4.5, 11.5, 5, 16 ], "texture": "#texture" }
    }
},
{
    "from": [ -5.5, 0.5, 6.5 ],
    "to": [ -4, 5, 9.5 ],
    "faces": {
        "down":  { "uv": [ 12, 10, 12.5, 10.5 ], "rotation": 180, "texture": "#texture" },
        "up":    { "uv": [ 12, 9, 12.5, 9.5 ], "rotation": 180, "texture": "#texture" },
        "north": { "uv": [ 12, 9, 12.5, 10.5 ], "texture": "#texture" },
        "south": { "uv": [ 12, 9, 12.5, 10.5 ], "texture": "#texture" },
        "west":  { "uv": [ 12, 9, 12.5, 10.5 ], "texture": "#texture" }
    }
},
{
    "from": [ -8.5, 0.5, 6.5 ],
    "to": [ -5.5, 3.5, 9.5 ],
    "faces": {
        "down":  { "uv": [ 12.5, 10, 13.5, 10.5 ], "rotation": 180, "texture": "#texture" },
        "up":    { "uv": [ 12.5, 9.5, 13.5, 10 ], "rotation": 180, "texture": "#texture" },
        "north": { "uv": [ 12.5, 9.5, 13.5, 10.5 ], "texture": "#texture" },
        "south": { "uv": [ 13.5, 9.5, 12.5, 10.5 ], "texture": "#texture" },
        "west":  { "uv": [ 13, 9.5, 13.5, 10.5 ], "texture": "#texture" }
    }
},
{
    "from": [ -10, -1, 6.5 ],
    "to": [ -7, 2, 9.5 ],
    "faces": {
        "down":  { "uv": [ 13, 10.5, 14, 11 ], "rotation": 180, "texture": "#texture" },
        "up":    { "uv": [ 13, 10, 14, 10.5 ], "rotation": 180, "texture": "#texture" },
        "north": { "uv": [ 13, 10, 14, 11 ], "texture": "#texture" },
        "south": { "uv": [ 14, 10, 13, 11 ], "texture": "#texture" },
        "west":  { "uv": [ 13.5, 10, 14, 11 ], "texture": "#texture" },
        "east":  { "uv": [ 13, 10, 13.5, 11 ], "texture": "#texture" }
    }
},
{
    "from": [ 15.5, 15.5, 6.5 ],
    "to": [ 21.5, 17, 9.5 ],
    "faces": {
        "down":  { "uv": [ 3.5, 5.5, 4, 5 ], "texture": "#texture" },
        "up":    { "uv": [ 3.5, 5, 4, 5.5 ], "texture": "#texture" },
        "north": { "uv": [ 3.5, 5, 4, 5.5 ], "texture": "#texture" },
        "south": { "uv": [ 3.5, 5.5, 4, 5 ], "texture": "#texture" },
        "west":  { "uv": [ 3.5, 5, 4, 5.5 ], "texture": "#texture" },
        "east":  { "uv": [ 4, 5, 3.5, 5.5 ], "texture": "#texture" }
    }
},
{
    "from": [ 21.5, 11, 6.5 ],
    "to": [ 23, 15.5, 9.5 ],
    "faces": {
        "down":  { "uv": [ 3.5, 5.5, 4, 5 ], "texture": "#texture" },
        "up":    { "uv": [ 3.5, 5, 4, 5.5 ], "texture": "#texture" },
        "north": { "uv": [ 3.5, 5, 4, 5.5 ], "texture": "#texture" },
        "south": { "uv": [ 3.5, 5.5, 4, 5 ], "texture": "#texture" },
        "west":  { "uv": [ 3.5, 5, 4, 5.5 ], "texture": "#texture" },
        "east":  { "uv": [ 4, 5, 3.5, 5.5 ], "texture": "#texture" }
    }
},
{
    "from": [ 21.5, 9.5, 6.5 ],
    "to": [ 24.5, 12.5, 9.5 ],
    "faces": {
        "down":  { "uv": [ 3.5, 5.5, 4, 5 ], "texture": "#texture" },
        "up":    { "uv": [ 3.5, 5, 4, 5.5 ], "texture": "#texture" },
        "north": { "uv": [ 3.5, 5, 4, 5.5 ], "texture": "#texture" },
        "south": { "uv": [ 3.5, 5.5, 4, 5 ], "texture": "#texture" },
        "west":  { "uv": [ 3.5, 5, 4, 5.5 ], "texture": "#texture" },
        "east":  { "uv": [ 4, 5, 3.5, 5.5 ], "texture": "#texture" }
    }
}
],
"display": {
    "thirdperson": {
        "rotation": [ 0, 90, -135 ],
        "translation": [ 0, 2, -3.5 ],
        "scale": [ 0.4, 0.4, 0.4 ]
    },
    "head": {
        "rotation": [ -180, 0, 135 ],
        "translation": [ -11, 10.3, 0 ],
        "scale": [ 5, 5, 5 ]
    },
    "firstperson": {
        "rotation": [ 0, 51, -20 ],
        "translation": [ 6.8, 6.8, -1.4 ],
        "scale": [ 1, 1, 1 ]
    },
    "gui": {
        "rotation": [ -30, 135, -45 ],
        "translation": [ 0, 1.6, -1.1 ],
        "scale": [ 0.6, 0.6, 0.6 ]
    }
}
}