{"__comment":"Designed by Hypixel minecraft server with BDcraft Cubik PRO 0.90 Beta - http://bdcraft.net","textures":{"texture":"items/eraser"},"elements":[{"from":[0.5,-16,6.5],"to":[15.5,18.5,9.5],"faces":{"down":{"uv":[5.5,15.5,10.5,16],"texture":"#texture"},"up":{"uv":[5.5,4.5,10.5,5],"texture":"#texture"},"north":{"uv":[10.5,4.5,5.5,16],"texture":"#texture"},"south":{"uv":[5.5,4.5,10.5,16],"texture":"#texture"},"west":{"uv":[5.5,4.5,6,16],"texture":"#texture"},"east":{"uv":[10,4.5,10.5,16],"texture":"#texture"}}},{"from":[-1,-14.5,6.5],"to":[17,17,9.5],"faces":{"down":{"uv":[5,15,11,15.5],"texture":"#texture"},"up":{"uv":[5,5,11,5.5],"texture":"#texture"},"north":{"uv":[11,5,5,15.5],"texture":"#texture"},"south":{"uv":[5,5,11,15.5],"texture":"#texture"},"west":{"uv":[5,5,5.5,15.5],"texture":"#texture"},"east":{"uv":[10.5,5,11,15.5],"texture":"#texture"}}}],"display":{"thirdperson":{"rotation":[0,90,-69],"translation":[0,2,-3.5],"scale":[0.4,0.4,0.4 ]},"head":{"rotation":[0,0,45],"translation":[-13,9.6,0],"scale":[5,5,5 ]},"firstperson":{"rotation":[0,-135,25],"translation":[6.8,6.8,-1.4],"scale":[1,1,1 ]},"gui":{"rotation":[-30,135,-45],"translation":[0,1.6,-1.1],"scale":[0.6,0.6,0.6 ]}}}