{
"__comment": "Designed by Hypixel minecraft server with BDcraft Cubik PRO 0.90 Beta - http://bdcraft.net",
"textures": {
    "particle": "items/Line Icon",
    "texture": "items/Line Icon"
},
"elements": [ 
{
    "from": [ 6.5, -14.5, 6.5 ],
    "to": [ 9.5, 30.5, 9.5 ],
    "faces": {
        "down":  { "uv": [ 8, 15.5, 8.5, 15 ], "texture": "#texture" },
        "up":    { "uv": [ 8, 0.5, 8.5, 1.5 ], "texture": "#texture" },
        "north": { "uv": [ 8.5, 0.5, 7.5, 15.5 ], "texture": "#texture" },
        "south": { "uv": [ 8.5, 0.5, 7.5, 15.5 ], "texture": "#texture" },
        "west":  { "uv": [ 7.5, 0.5, 8.5, 15.5 ], "texture": "#texture" },
        "east":  { "uv": [ 7.5, 0.5, 8.5, 15.5 ], "texture": "#texture" }
    }
}
],
"display": {
    "thirdperson": {
        "rotation": [ 0, 90, -69 ],
        "translation": [ 0, 2, -3.5 ],
        "scale": [ 0.4, 0.4, 0.4 ]
    },
    "head": {
        "rotation": [ 0, 0, 45 ],
        "translation": [ 0, 0, 0 ],
        "scale": [ 5, 5, 5 ]
    },
    "firstperson": {
        "rotation": [ 0, -135, 25 ],
        "translation": [ 6.8, 6.8, -1.4 ],
        "scale": [ 1, 1, 1 ]
    },
    "gui": {
        "rotation": [ -30, 135, -45 ],
        "translation": [ 0, 0, 0 ],
        "scale": [ 0.6, 0.6, 0.6 ]
    }
}
}