{"__comment":"Designed by Hypixel minecraft server with BDcraft Cubik PRO 0.90 Beta - http://bdcraft.net","textures":{"texture":"items/bomb"},"elements":[{"from":[2,-16,6.5],"to":[14,17,9.5],"faces":{"down":{"uv":[6,15.5,10,16],"texture":"#texture"},"up":{"uv":[6,5,10,5.5],"texture":"#texture"},"north":{"uv":[10,5,6,16],"texture":"#texture"},"south":{"uv":[6,5,10,16],"texture":"#texture"},"west":{"uv":[6,5,6.5,16],"texture":"#texture"},"east":{"uv":[9.5,5,10,16],"texture":"#texture"}}},{"from":[-1,-14.5,6.5],"to":[17,11,9.5],"faces":{"down":{"uv":[5,15,11,15.5],"texture":"#texture"},"up":{"uv":[5,7,11,7.5],"texture":"#texture"},"north":{"uv":[11,7,5,15.5],"texture":"#texture"},"south":{"uv":[5,7,11,15.5],"texture":"#texture"},"west":{"uv":[5,7,5.5,15.5],"texture":"#texture"},"east":{"uv":[10.5,7,11,15.5],"texture":"#texture"}}},{"from":[-2.5,-13,6.5],"to":[18.5,9.5,9.5],"faces":{"down":{"uv":[4.5,14.5,11.5,15],"texture":"#texture"},"up":{"uv":[4.5,7.5,11.5,8],"texture":"#texture"},"north":{"uv":[11.5,7.5,4.5,15],"texture":"#texture"},"south":{"uv":[4.5,7.5,11.5,15],"texture":"#texture"},"west":{"uv":[4.5,7.5,5,15],"texture":"#texture"},"east":{"uv":[11,7.5,11.5,15],"texture":"#texture"}}},{"from":[-4,-11.5,6.5],"to":[20,8,9.5],"faces":{"down":{"uv":[4,14,12,14.5],"texture":"#texture"},"up":{"uv":[4,8,12,8.5],"texture":"#texture"},"north":{"uv":[12,8,4,14.5],"texture":"#texture"},"south":{"uv":[4,8,12,14.5],"texture":"#texture"},"west":{"uv":[4,8,4.5,14.5],"texture":"#texture"},"east":{"uv":[11.5,8,12,14.5],"texture":"#texture"}}},{"from":[-5.5,-10,6.5],"to":[21.5,6.5,9.5],"faces":{"down":{"uv":[3.5,13.5,12.5,14],"texture":"#texture"},"up":{"uv":[3.5,8.5,12.5,9],"texture":"#texture"},"north":{"uv":[12.5,8.5,3.5,14],"texture":"#texture"},"south":{"uv":[3.5,8.5,12.5,14],"texture":"#texture"},"west":{"uv":[3.5,8.5,4,14],"texture":"#texture"},"east":{"uv":[12,8.5,12.5,14],"texture":"#texture"}}},{"from":[-7,-7,6.5],"to":[23,3.5,9.5],"faces":{"down":{"uv":[3,12.5,13,13],"texture":"#texture"},"up":{"uv":[3,9.5,13,10],"texture":"#texture"},"north":{"uv":[13,9.5,3,13],"texture":"#texture"},"south":{"uv":[3,9.5,13,13],"texture":"#texture"},"west":{"uv":[3,9.5,3.5,13],"texture":"#texture"},"east":{"uv":[12.5,9.5,13,13],"texture":"#texture"}}},{"from":[3.5,17,6.5],"to":[12.5,18.5,9.5],"faces":{"down":{"uv":[6.5,4.5,9.5,5],"texture":"#texture"},"up":{"uv":[6.5,4.5,9.5,5],"texture":"#texture"},"north":{"uv":[9.5,4.5,6.5,5],"texture":"#texture"},"south":{"uv":[6.5,4.5,9.5,5],"texture":"#texture"},"west":{"uv":[6.5,4.5,7,5],"texture":"#texture"},"east":{"uv":[9,4.5,9.5,5],"texture":"#texture"}}},{"from":[5,18.5,6.5],"to":[11,20,9.5],"faces":{"down":{"uv":[7,4,9,4.5],"texture":"#texture"},"up":{"uv":[7,4,9,4.5],"texture":"#texture"},"north":{"uv":[9,4,7,4.5],"texture":"#texture"},"south":{"uv":[7,4,9,4.5],"texture":"#texture"},"west":{"uv":[7,4,7.5,4.5],"texture":"#texture"},"east":{"uv":[8.5,4,9,4.5],"texture":"#texture"}}},{"from":[6.5,20,6.5],"to":[11,21.5,9.5],"faces":{"down":{"uv":[7.5,3.5,9,4],"texture":"#texture"},"up":{"uv":[7.5,3.5,9,4],"texture":"#texture"},"north":{"uv":[9,3.5,7.5,4],"texture":"#texture"},"south":{"uv":[7.5,3.5,9,4],"texture":"#texture"},"west":{"uv":[7.5,3.5,8,4],"texture":"#texture"},"east":{"uv":[8.5,3.5,9,4],"texture":"#texture"}}},{"from":[9.5,21.5,6.5],"to":[18.5,23,9.5],"faces":{"down":{"uv":[8.5,3,11.5,3.5],"texture":"#texture"},"up":{"uv":[8.5,3,11.5,3.5],"texture":"#texture"},"north":{"uv":[11.5,3,8.5,3.5],"texture":"#texture"},"south":{"uv":[8.5,3,11.5,3.5],"texture":"#texture"},"west":{"uv":[8.5,3,9,3.5],"texture":"#texture"},"east":{"uv":[11,3,11.5,3.5],"texture":"#texture"}}},{"from":[11,23,6.5],"to":[17,24.5,9.5],"faces":{"down":{"uv":[9,2.5,11,3],"texture":"#texture"},"up":{"uv":[9,2.5,11,3],"texture":"#texture"},"north":{"uv":[11,2.5,9,3],"texture":"#texture"},"south":{"uv":[9,2.5,11,3],"texture":"#texture"},"west":{"uv":[9,2.5,9.5,3],"texture":"#texture"},"east":{"uv":[10.5,2.5,11,3],"texture":"#texture"}}},{"from":[15.5,20,6.5],"to":[20,21.5,9.5],"faces":{"down":{"uv":[10.5,3.5,12,4],"texture":"#texture"},"up":{"uv":[10.5,3.5,12,4],"texture":"#texture"},"north":{"uv":[12,3.5,10.5,4],"texture":"#texture"},"south":{"uv":[10.5,3.5,12,4],"texture":"#texture"},"west":{"uv":[10.5,3.5,11,4],"texture":"#texture"},"east":{"uv":[11.5,3.5,12,4],"texture":"#texture"}}},{"from":[15.5,18.5,6.5],"to":[18.5,20,9.5],"faces":{"down":{"uv":[10.5,4,11.5,4.5],"texture":"#texture"},"up":{"uv":[10.5,4,11.5,4.5],"texture":"#texture"},"north":{"uv":[11.5,4,10.5,4.5],"texture":"#texture"},"south":{"uv":[10.5,4,11.5,4.5],"texture":"#texture"},"west":{"uv":[10.5,4,11,4.5],"texture":"#texture"},"east":{"uv":[11,4,11.5,4.5],"texture":"#texture"}}}],"display":{"thirdperson":{"rotation":[0,90,-122],"translation":[0,1.2,-3.5],"scale":[0.85,0.85,0.85 ]},"head":{"rotation":[0,180,0],"translation":[0,8.7,0],"scale":[5,5,5 ]},"firstperson":{"rotation":[0,-130,0],"translation":[-0.8,3.5,-0.1],"scale":[1.4,1.4,1.4 ]},"gui":{"rotation":[-30,135,0],"translation":[0,1.3,0],"scale":[0.57,0.57,0.57 ]}}}