{"__comment":"Designed by Hypixel minecraft server with BDcraft Cubik PRO 0.90 Beta - http://bdcraft.net","textures":{"particle":"items/pencil","texture":"items/pencil"},"elements":[{"from":[-1,-16,6.5],"to":[17,14,9.5],"faces":{"down":{"uv":[5,15.5,11,16],"texture":"#texture"},"up":{"uv":[5,6,11,7],"texture":"#texture"},"north":{"uv":[11,6,5,16],"texture":"#texture"},"south":{"uv":[5,6,11,16],"texture":"#texture"},"west":{"uv":[5,6,5.5,16],"texture":"#texture"},"east":{"uv":[10.5,6,11,16],"texture":"#texture"}}},{"from":[0.5,14,6.5],"to":[15.5,17,9.5],"faces":{"up":{"uv":[5.5,5,10.5,5.5],"texture":"#texture"},"north":{"uv":[10.5,5,5.5,6],"texture":"#texture"},"south":{"uv":[5.5,5,10.5,6],"texture":"#texture"},"west":{"uv":[5.5,5,6,6],"texture":"#texture"},"east":{"uv":[10,5,10.5,6],"texture":"#texture"}}},{"from":[2,17,6.5],"to":[14,18.5,9.5],"faces":{"up":{"uv":[6,4.5,10,5],"texture":"#texture"},"north":{"uv":[10,4.5,6,5],"texture":"#texture"},"south":{"uv":[6,4.5,10,5],"texture":"#texture"},"west":{"uv":[6,4.5,6.5,5],"texture":"#texture"},"east":{"uv":[9.5,4.5,10,5],"texture":"#texture"}}},{"from":[3.5,18.5,6.5],"to":[12.5,20,9.5],"faces":{"up":{"uv":[6.5,4,9.5,4.5],"texture":"#texture"},"north":{"uv":[9.5,4,6.5,4.5],"texture":"#texture"},"south":{"uv":[6.5,4,9.5,4.5],"texture":"#texture"},"west":{"uv":[6.5,4,7,4.5],"texture":"#texture"},"east":{"uv":[9,4,9.5,4.5],"texture":"#texture"}}},{"from":[5,20,6.5],"to":[12.5,23,9.5],"faces":{"up":{"uv":[7,3,9.5,3.5],"texture":"#texture"},"north":{"uv":[7,3,9.5,4],"texture":"#texture"},"south":{"uv":[7,3,9.5,4],"texture":"#texture"},"west":{"uv":[7,3,7.5,4],"texture":"#texture"},"east":{"uv":[7,3,7.5,4],"texture":"#texture"}}},{"from":[6.5,23,6.5],"to":[11,24.5,9.5],"faces":{"up":{"uv":[7.5,2.5,9,3],"texture":"#texture"},"north":{"uv":[7.5,2.5,9,3],"texture":"#texture"},"south":{"uv":[7.5,2.5,9,3],"texture":"#texture"},"west":{"uv":[7.5,2.5,8.5,3],"texture":"#texture"},"east":{"uv":[7.5,2.5,8.5,3],"texture":"#texture"}}}],"display":{"thirdperson":{"rotation":[0,90,-69],"translation":[0,2,-3.5],"scale":[0.4,0.4,0.4 ]},"head":{"rotation":[0,0,45],"translation":[-16,16,0],"scale":[5,5,5 ]},"firstperson":{"rotation":[0,-135,25],"translation":[6.8,6.8,-1.4],"scale":[1,1,1 ]},"gui":{"rotation":[-30,135,-45],"translation":[0,1.6,-1.1],"scale":[0.6,0.6,0.6 ]}}}