{
"__comment": "Designed by Hypixel minecraft server with BDcraft Cubik PRO 0.90 Beta - http://bdcraft.net",
"textures": {
    "particle": "items/lit_arrow",
    "texture": "items/lit_arrow"
},
"elements": [ 
{
    "from": [ 5, 3.5, 3.5 ],
    "to": [ 9.5, 18.5, 6.5 ],
    "faces": {
        "down":  { "uv": [ 7, 9, 8.5, 9.5 ], "texture": "#texture" },
        "up":    { "uv": [ 7, 4.5, 8.5, 5 ], "texture": "#texture" },
        "north": { "uv": [ 8.5, 4.5, 7, 9.5 ], "texture": "#texture" },
        "south": { "uv": [ 7, 4.5, 8.5, 9.5 ], "texture": "#texture" },
        "west":  { "uv": [ 7, 4.5, 7.5, 9.5 ], "texture": "#texture" },
        "east":  { "uv": [ 8, 4.5, 8.5, 9.5 ], "texture": "#texture" }
    }
},
{
    "from": [ -4, 6.5, 3.5 ],
    "to": [ 15.5, 15.5, 6.5 ],
    "faces": {
        "down":  { "uv": [ 4, 8, 10.5, 8.5 ], "texture": "#texture" },
        "up":    { "uv": [ 4, 5.5, 10.5, 6 ], "texture": "#texture" },
        "north": { "uv": [ 10.5, 5.5, 4, 8.5 ], "texture": "#texture" },
        "south": { "uv": [ 4, 5.5, 10.5, 8.5 ], "texture": "#texture" },
        "west":  { "uv": [ 4, 5.5, 4.5, 8.5 ], "texture": "#texture" },
        "east":  { "uv": [ 10, 5.5, 10.5, 8.5 ], "texture": "#texture" }
    }
},
{
    "from": [ 9.5, 5, 3.5 ],
    "to": [ 12.5, 17, 6.5 ],
    "faces": {
        "down":  { "uv": [ 8.5, 8.5, 9.5, 9 ], "texture": "#texture" },
        "up":    { "uv": [ 8.5, 5, 9.5, 5.5 ], "texture": "#texture" },
        "north": { "uv": [ 9.5, 5, 8.5, 9 ], "texture": "#texture" },
        "south": { "uv": [ 8.5, 5, 9.5, 9 ], "texture": "#texture" },
        "east":  { "uv": [ 9, 5, 9.5, 9 ], "texture": "#texture" }
    }
},
{
    "from": [ 15.5, 8, 3.5 ],
    "to": [ 18.5, 14, 6.5 ],
    "faces": {
        "down":  { "uv": [ 10.5, 7.5, 11.5, 8 ], "texture": "#texture" },
        "up":    { "uv": [ 10.5, 6, 11.5, 6.5 ], "texture": "#texture" },
        "north": { "uv": [ 11.5, 6, 10.5, 8 ], "texture": "#texture" },
        "south": { "uv": [ 10.5, 6, 11.5, 8 ], "texture": "#texture" },
        "east":  { "uv": [ 11, 6, 11.5, 8 ], "texture": "#texture" }
    }
},
{
    "from": [ 18.5, 9.5, 3.5 ],
    "to": [ 21.5, 12.5, 6.5 ],
    "faces": {
        "down":  { "uv": [ 11.5, 7, 12.5, 7.5 ], "texture": "#texture" },
        "up":    { "uv": [ 11.5, 6.5, 12.5, 7 ], "texture": "#texture" },
        "north": { "uv": [ 12.5, 6.5, 11.5, 7.5 ], "texture": "#texture" },
        "south": { "uv": [ 11.5, 6.5, 12.5, 7.5 ], "texture": "#texture" },
        "east":  { "uv": [ 12, 6.5, 12.5, 7.5 ], "texture": "#texture" }
    }
},
{
    "from": [ -7, 5, 3.5 ],
    "to": [ 0.5, 14, 6.5 ],
    "faces": {
        "down":  { "uv": [ 3, 8.5, 5.5, 9 ], "texture": "#texture" },
        "up":    { "uv": [ 3, 6, 5.5, 6.5 ], "texture": "#texture" },
        "north": { "uv": [ 5.5, 6, 3, 9 ], "texture": "#texture" },
        "south": { "uv": [ 3, 6, 5.5, 9 ], "texture": "#texture" },
        "west":  { "uv": [ 3, 6, 3.5, 9 ], "texture": "#texture" },
        "east":  { "uv": [ 5, 6, 5.5, 9 ], "texture": "#texture" }
    }
},
{
    "from": [ -8.5, -7, 3.5 ],
    "to": [ -1, 11, 6.5 ],
    "faces": {
        "down":  { "uv": [ 2.5, 12.5, 5, 13 ], "texture": "#texture" },
        "up":    { "uv": [ 2.5, 7, 5, 7.5 ], "texture": "#texture" },
        "north": { "uv": [ 5, 7, 2.5, 13 ], "texture": "#texture" },
        "south": { "uv": [ 2.5, 7, 5, 13 ], "texture": "#texture" },
        "west":  { "uv": [ 2.5, 7, 3, 13 ], "texture": "#texture" },
        "east":  { "uv": [ 4.5, 7, 5, 13 ], "texture": "#texture" }
    }
},
{
    "from": [ -1, -7, 3.5 ],
    "to": [ 0.5, 0.5, 6.5 ],
    "faces": {
        "down":  { "uv": [ 5, 12.5, 5.5, 13 ], "texture": "#texture" },
        "up":    { "uv": [ 5, 10.5, 5.5, 11 ], "texture": "#texture" },
        "north": { "uv": [ 5.5, 10.5, 5, 13 ], "texture": "#texture" },
        "south": { "uv": [ 5, 10.5, 5.5, 13 ], "texture": "#texture" },
        "west":  { "uv": [ 5, 10.5, 5.5, 13 ], "texture": "#texture" },
        "east":  { "uv": [ 5, 10.5, 5.5, 13 ], "texture": "#texture" }
    }
},
{
    "from": [ 0.5, -7, 3.5 ],
    "to": [ 2, -2.5, 6.5 ],
    "faces": {
        "down":  { "uv": [ 5.5, 12.5, 6, 13 ], "texture": "#texture" },
        "up":    { "uv": [ 5.5, 11.5, 6, 12 ], "texture": "#texture" },
        "north": { "uv": [ 6, 11.5, 5.5, 13 ], "texture": "#texture" },
        "south": { "uv": [ 5.5, 11.5, 6, 13 ], "texture": "#texture" },
        "west":  { "uv": [ 5.5, 11.5, 6, 13 ], "texture": "#texture" },
        "east":  { "uv": [ 5.5, 11.5, 6, 13 ], "texture": "#texture" }
    }
},
{
    "from": [ 2, -7, 3.5 ],
    "to": [ 3.5, -4, 6.5 ],
    "faces": {
        "down":  { "uv": [ 6, 12, 6.5, 12.5 ], "texture": "#texture" },
        "up":    { "uv": [ 6, 12, 6.5, 12.5 ], "texture": "#texture" },
        "north": { "uv": [ 6.5, 12, 6, 13 ], "texture": "#texture" },
        "south": { "uv": [ 6, 12, 6.5, 13 ], "texture": "#texture" },
        "west":  { "uv": [ 6, 12, 6.5, 13 ], "texture": "#texture" },
        "east":  { "uv": [ 6, 12, 6.5, 13 ], "texture": "#texture" }
    }
},
{
    "from": [ 3.5, -7, 3.5 ],
    "to": [ 5, -5.5, 6.5 ],
    "faces": {
        "down":  { "uv": [ 6, 12, 6.5, 12.5 ], "texture": "#texture" },
        "up":    { "uv": [ 6, 12, 6.5, 12.5 ], "texture": "#texture" },
        "north": { "uv": [ 6.5, 12, 6, 13 ], "texture": "#texture" },
        "south": { "uv": [ 6, 12, 6.5, 13 ], "texture": "#texture" },
        "west":  { "uv": [ 6, 12, 6.5, 13 ], "texture": "#texture" },
        "east":  { "uv": [ 6, 12, 6.5, 13 ], "texture": "#texture" }
    }
}
],
"display": {
    "thirdperson": {
        "rotation": [ 0, 90, -145 ],
        "translation": [ 0, 2, -3.5 ],
        "scale": [ 0.4, 0.4, 0.4 ]
    },
    "head": {
        "rotation": [ 0, 0, 0 ],
        "translation": [ 8.1, 6, 0 ],
        "scale": [ 5, 5, 5 ]
    },
    "firstperson": {
        "rotation": [ 0, -135, 25 ],
        "translation": [ 6.8, 6.8, -1.4 ],
        "scale": [ 1, 1, 1 ]
    },
    "gui": {
        "rotation": [ -30, 135, 0 ],
        "translation": [ 0, 0, 0 ],
        "scale": [ 0.57, 0.57, 0.57 ]
    }
}
}